id,email,source_url
cb3a42a3-4a9f-45a0-bf38-9a61fa9a2e89,contact@beyolity.com,https://www.beyolity.com
7aa454e5-28d1-4b78-a82d-030f6924ded6,info@renoway.ae,https://renoway.ae
d7f7f9e2-9c14-47bb-b626-7354ca22f6b8,info@fitche.ae,https://fitche.ae
fcf84b28-b367-4f0d-bc88-6e203bd230b7,events@evolutiondubai.com,https://evolutiondubai.com
5a4a8014-db5a-4963-94e8-00d6b65114f6,info@primodubai.com,https://www.primodubai.com
8deccee0-77c9-4467-bdd3-7b45602181b3,info@knowndesign.me,https://knowndesign.me
64535122-88a6-405c-9b33-ffd9109ea97e,info@wewillfixout.com,https://wewillfixout.com
a3e8966f-621d-42cc-9ea2-07aa0e318e0d,info@idyllicinteriors.com,https://www.idyllicinteriors.com
496c3665-a381-4ccf-94f6-f093655ecb58,info@albaderllc.com,https://albaderllc.com
ae3345db-ec1e-4648-b9fd-600930038a5f,info@msakin.ae,https://msakin.ae
56fc9361-be41-4d76-9b74-398fa0068419,info@totalhomeworx.co,http://totalhomeworx.co
effd9641-a2dc-4ac9-9314-73ab8bd5a2f4,info@radyinterior.ae,https://radyinterior.ae
1cbc2072-7b2a-44ad-b613-4a67ab403a26,info@fixitcarpentry.com,https://fixitcarpentry.com
063e63cb-d79e-48e8-8442-c49948e66e45,hello@jdv.ae,https://jdv.ae
817f6bbc-d830-4690-8422-646fe89ffbe5,info@kiandesign.ae,http://www.kiandesign.ae
4f8a27d4-60c8-49cb-b44a-4031a9b204b6,info@sassoandco.com,http://www.weshapespaces.com
74f2125c-9fc9-40de-bcec-0b768b823804,info@stagheaddesigns.com,https://luceradesigno.com
be775da3-ebe6-421b-ad2d-d62c27482aed,info@gdminteriors.com,https://www.gdminteriors.com
2385dfcd-7c5a-4a73-82d7-da71791bfecb,rajcorecuttingservice@gmail.com,https://rajcorecuttingservices.com
b1e77f64-95f1-456d-a54e-53039fff61ea,contact@designbyroar.com,https://www.designbyroar.com/contact-us
317480c8-744c-49f8-8582-0a0af85fd313,info@aseelrenovation.com,https://aseelrenovation.com
d160a87e-29e6-45ba-99cc-7a44f164ace8,info@designdivine.ae,https://www.designdivine.ae
9c7418b7-a4db-451d-8436-b0f061236d4d,company@sharifcarpentry.com,https://sharifcarpentry.com
d4c317af-fe18-4f9b-8d79-4310ba219d1b,info@premierclass.ae,https://premierclass.ae
f60bd261-02c8-4a0d-b6cf-3e722bd725ad,info@farisinterior.ae,http://www.farisinterior.ae
25409cc9-6c5c-425c-a1af-d9755e5c2fda,info@jartech.ae,https://jartech.ae
9b2b0e05-35be-47c4-a834-7ba05c5dd527,sales@cardoso.ae,https://cardoso.ae
898f3d88-9273-4f22-bf40-1bf776a5bbd9,enquiries@hertasfitout.com,https://hertasfitout.com
f15d4b52-4269-4dfb-87a3-cd2e5a06006a,info@blueoakuae.ae,http://www.blueoakuae.ae
b6af1034-2c90-402e-b183-9fab5b6bd5cb,hello@halo.ae,http://halo.ae
eff47dfa-9807-4129-9ab2-9c5aa8eb1123,info@ayeshtech.com,https://ayeshtech.com
5a836689-0731-423d-ab95-2a375ee61fb0,vikas@venusjoinery.com,http://www.venusjoinery.com
13fa60bf-b2b4-49d5-ba24-752bddde72ae,info@smartcitiesuae.com,http://www.smartcitiesuae.com
4645bc7d-a931-45a3-951d-72011ab0802f,info@walltowalltech.com,https://walltowalltech.com
6268ad86-ff46-4c18-8b70-6ffa823e8021,create@designsmith.ae,https://designsmith.ae/contact
980ca070-ecf3-4c01-aee3-374f2e3f3fa5,info@dnlinteriors.com,https://dnlinteriors.com
860aef82-063c-42bf-bced-e80195d49520,info@winterplusuae.com,https://winterplusuae.com
ddf1512e-8fa1-4910-960f-2c0483af6ebc,reachus@innerspace.ae,https://innerspace.ae
1ef2e2a4-a8d6-4695-9c44-fa958df84bb3,info@hortoninteriors.com,https://www.hortoninteriors.com
af2bac19-4796-4144-895c-938c9e33c070,info@arckytec.com,https://www.sketchiz.com
75561fae-15af-4df5-9b5b-8de596f4eb5e,info@hnbinteriors.com,http://www.hnbinteriors.com
fc7e5eaa-94ea-415c-86ac-8d0c662d9e34,enquiry@fortezzainteriors.com,https://www.fortezzainteriors.com/?utm_source=Organic&utm_medium=GMB&utm_campaign=Fortezza&utm_id=https%3A%2F%2Fwww.fort
68e5b687-b98f-4324-9fbb-7c5f8e6af256,info@idesignuae.com,https://idesignuae.com
e80964a8-4eef-4f15-9054-4799d9c9e168,info@parmdecor.com,https://www.parmdecor.com
06d7df96-c57d-4ec1-bfa7-809ed45d8dfc,admin@highendinterior.ae,https://highendinterior.ae
67c01670-4d63-49f8-a2f8-6c3d913b52a4,hello@sitesdxb.com,https://sitesdxb.com
6d089bf6-1561-4903-9aed-fbdccee556db,info@eleinterior.design,https://www.eleinterior.com
7418aba7-d9fe-4851-b480-4ff8c961ab89,mail@interspace.ae,http://interspace.ae
618d4798-bda3-4603-853b-05bdd90b0bae,info@interiorsdubai.ae,http://interiorsdubai.ae
9bfeb564-adb5-4a5a-bb03-f21af14c5f21,info@blancoid.com,http://www.blancoid.com
39d7a990-b21f-41ee-9f77-177cfd12e4fa,hello@wonderwall.ae,https://wonderwall.ae
afef6782-c92b-4ab7-8f8c-606ffd95efee,info@aldaffacarpentry.com,https://www.aldaffacarpentry.com
5f974c5f-7a85-40a9-938a-ec4e8f217032,info@mrfixer.ae,https://mrfixer.ae
a2ee83e2-6a20-45b2-9c96-a3560260af6b,siralibdaawood_manufacturing20@yahoo.com,http://www.seralibdaawood.ae
54895a70-6cbf-4d72-b9f3-ed0d26845cc0,info@zxi.ae,http://www.zxi.ae
f45586e3-007d-46e3-8204-e6e8348c003c,info@alqouzsun.com,http://www.alqouzsun.com
bcbbbcbe-88e5-48d4-ac4f-02ae260e5264,impallari@gmail.com,http://www.triconid.com
281d1feb-8a78-40a8-82ba-1b4aa01ad780,info@alasafeergroup.com,https://www.alasafeergroup.com/contact
1432f2a2-6a48-4b64-9642-0332ba53fb5d,info@radyinterior.ae,https://radyinterior.ae
7b5835c3-1b81-4d31-bf29-444815ae49e3,royalfitout@gmail.com,https://www.royalfitout.com
baaf0985-f7aa-45d6-a52e-6d20b705123f,info@tareeninteriors.com,http://www.tareeninteriors.com/contact
08ff1a7e-cdb9-4eee-a5f1-ed010024129c,designer@zerodegreeinterior.net,https://zerodegreeinterior.com
a6dc0aa6-f1eb-46b2-829e-138c719cdc70,info@luxurycreativedesign.com,https://luxurycreativedesign.com
2dd88ad4-183c-4994-a743-3c3c321e1699,info@artainteriors.ae,https://artainteriors.ae
21fb28c1-237e-4b51-bdbb-3f976467f5a2,info@whitemonde.com,https://www.whitemonde.com
b7763862-e766-4ced-b9db-12ce214acdf7,info@buildcorpinteriors.com,http://www.buildcorpinteriors.com
60f48e95-76ef-43ec-b5fc-d1521673d0b1,info@ceinteriors.ae,https://ceinteriors.ae
9a526933-2b28-43b4-be2b-b9516e500909,info@vanola.co.uk,https://vanola.ae
f796d51e-db61-4a18-a17f-bd9e3f937731,info@homiesuae.com,https://www.homiesuae.com
fdc2e9ef-b8c7-4bd0-8fd9-2468b66f5ac2,ahmed.mizba99@gmail.com,https://mizbainteriors.com
b90d1c6f-fe5b-47ee-909a-4766e4db9b46,murshidinteriors@gmail.com,https://murshidinteriors.com
3be05d09-ed79-4464-ab96-4d99031a5787,msultanawazkhan@gmail.com,http://www.nawazsultantech.com
edf37358-c3c7-4982-9194-615a25bfa7ed,info@yaserfanari.com,http://www.yaserfanari.com
cad6199d-d23b-44a2-8f8b-4697dc0c0702,interiors@mckleenz.ae,http://interiordesigncompany.ae/contact
e947065a-9884-47df-b60d-808e428d5a57,info@antonovich-group.ae,https://antonovich-design.ae
615d60dc-7688-4e5b-a0ec-915e0c7f3d16,info@markfitout.com,https://markfitout.com
705185c1-7f02-4256-a22a-f63177714cce,info@arcodeinterior.com,http://www.arcodeinterior.com
d5081924-d696-4c65-8531-af7db0f2b173,info@fitoutbureau.com,http://www.fitoutbureau.com
ec7d2f26-883a-42b1-85b1-8467b81e7f96,info@blueboxinteriors.com,http://www.blueboxinteriors.com
fbf6acc7-2bd1-4391-b4c6-c635b80c05b0,samsen@ecdesignfirm.com,http://ecdesignfirm.com
8c8a4d5b-7b0b-49da-acd2-df4a302f8f7b,info@buildcraftinteriors.com,https://www.buildcraftinteriors.com
41507f7e-16ee-42d4-85ff-a792acd8b046,info@euphoriainteriors.com,https://www.euphoriainteriors.com
e9e0017b-fd3d-48b0-8918-67111aea0da3,info@fixhub.ae,https://www.fixhub.ae
70fd0b4c-e456-4ac6-ad0c-b0c9f61aae56,info@armandointerior.com,http://www.armandointerior.com
04bdd34d-2aaa-4bc3-b50d-77aeae430fe7,ayat@ayat.ae,https://www.ayat.ae
079d75ce-c21c-4658-aeec-8f60a67d7b55,enquiry@usbcinteriors.com,https://www.usbcinteriors.com
518987a0-9830-4e9a-810b-e32300ad0ad0,hello@luxeinteriorsdubai.com,https://www.luxeinteriorsdubai.com
8d0675aa-8608-4f4e-a7ee-d7132c6ab351,info@voivinteriors.com,https://voivinteriors.com
ad6e28f3-d948-40fd-96f7-86254b2e6934,info@ams-architecture.com,https://ams-architecture.com
ba26cafa-3ea0-4ec2-b5a8-b03ce26e32cb,info@deejos.ae,https://www.deejos.ae
687aef84-aa20-46db-9398-95476679c000,info@theonedesign.co,https://theonedesign.co
0022948c-b11a-4a3a-9970-84dc5ce88dc6,sales@studioseg.me,https://studioseg.me
cca46707-6f42-4353-bd6f-361dd9b6fffd,design@mura.ae,https://www.mura.ae
1cff8d8e-adf1-42d0-8e28-af8f98b633be,info@nextpointnp.com,https://nextpointnp.com/contact
862a4077-16ed-4482-8eb6-2b15fcf7636c,info@hausfits.ae,https://hausfits.ae
094d6bcd-d205-455e-bbcc-2124dce5c927,info@haifarenov8.ae,https://haifarenov8.ae
aa91d26d-80e9-43f2-8c09-9b373b1cadb8,purent@emirates.net.ae,http://www.puredecor.ae
a93646ff-f0dc-45eb-a501-1a0857b3b5cf,info@primehomedxb.com,http://primehomedxb.com
28ddab20-3b64-4a87-843f-008a604951ea,hello@triinteriors.com,https://www.triinteriors.com
656ca7bd-3375-4321-8ebf-759888515889,info@businessstroy.ae,https://businessstroy.ae
5273cea3-6746-4dc9-8434-398887a08799,info@prbc.ae,https://prbc.ae
34b1771b-76aa-4289-84e7-0675c7f97ece,info@desertrise.ae,https://desertrise.ae
70eaf50a-92af-470e-88ad-88faad793e10,u202binfo@aram.ae,http://www.aram.ae
2a2a717d-556f-478f-99f6-7427f8af1a8e,info@levelondubai.ae,https://www.levelondubai.ae
bc98f92e-338b-466f-9e32-d6d9402f29a4,georges.chahwan@reviverenovation.ae,http://www.reviverenovation.ae
7a705244-4e7c-4ef3-9dfe-15171757b8a1,info@ncc-dubai.net,https://nbhh.ae/group-divisions/nael-construction-contracting
d1f06151-fa13-4712-a350-536bf28373a9,hello@luxrenov8.ae,https://luxrenov8.ae
ed03dd59-8937-4c18-a170-3578c0c39fd1,info@basegc.ae,http://www.basegc.com
270575e1-9e65-4637-abac-4149f81098aa,info@nooralqusais.com,https://nooralqusais.com
b398a8b7-7fa8-4281-97d5-9c0460d99e28,info@highbeamcontracting.ae,http://www.highbeamcontracting.ae
301099cc-ef00-4a69-aacc-51d0ccc0a8a2,info@binsalemdesign.com,https://www.binsalemdesign.com
4852100a-0191-4e3a-908f-e46d70ebb177,info@contractorsuae.com,https://www.contractorsuae.com
bae3bab7-5ea0-465a-ad78-7fb8852c9663,manager@wahatbabil.com,http://www.wahatbabil.com
0a98b934-a191-438e-9b8e-8573de10a066,info@housestohomesuae.com,https://housestohomesuae.com
a4698f69-6b83-432e-a80b-f382f364233e,info@renovationcompanyindubai.com,https://renovationcompanyindubai.com
8bfc9ba9-0da5-4c6d-b4f6-48bac932ca45,example@mysite.com,https://www.fixandrenovate.net
c9076c48-7c2c-4f2a-9590-6ce1483a51fd,name@company.ae,http://www.urbaneuae.com
d6c5eb52-5133-47b9-840d-91cd4f617014,wavextechnicalservices@gmail.com,http://wavex.ae
69100240-933d-4c3d-bf59-73fb13ed3ee2,ashwani@haneefcarpentry.com,http://www.haneefcarpentry.com
90d374ba-96db-456f-b91d-04a8860281d3,info@indiantypefoundry.com,https://www.miraclehomerenovations.com
a62043ef-6f9e-4246-8199-668f6afa4644,info@ashacontractor.com,https://www.ashacontractor.com
59a1bd23-5bca-4a17-88ef-a895530277a3,info@smartrenovation.ae,https://www.smartrenovation.ae
18bcff09-c06d-4fa7-8fd8-6eae14168ae7,cs@yallarenovation.com,https://www.yallarenovation.com/contact-us
28a3a964-e114-41d0-b936-ba754086738a,info@carpentry-services-dubai.com,https://carpentry-services-dubai.com
6af1b7ac-c230-4d7d-b64c-ac92719dfc1c,info@magichanduae.com,https://www.magichanduae.com
188932ec-e76c-4c9f-9472-93487352ac56,info@topknot.ae,https://topknot.ae
39ccb4a9-8a7d-49f4-8533-1091c159208b,aksingh1581998@gmail.com,https://carpenternearme.ae
a8086052-3206-440f-8a05-1f458caecbf6,info@renovationqueens.com,https://www.renovationqueens.com
9b7db43f-5d9b-49a4-b0ac-50991cba6540,info@jumeirahcarpenter.com,http://www.jumeirahcarpenter.com
a6859d49-8a95-4b7f-968b-67447c563962,info@arctec.ae,http://www.arctec.ae
3a209ec0-927b-43b5-94f7-4dda2187e89b,info@skcinteriors.ae,https://www.skcwoodworks.com
ef632652-7534-4960-8ccb-190a25eacf97,info@northstargcc.com,https://northstargcc.com
6e772923-c7fd-4edb-9274-f3b90f2fee48,info@modern-dubai.com,http://modern-dubai.com/contact
d125064b-21aa-4c08-a88c-79b30d4d00dc,info@dubaicarpentry.com,http://dubaicarpentry.com
01e9445d-93e7-404e-9383-8363a02dacaf,info@bespokejoinery.ae,https://bespokejoinery.ae
ff34086a-99d0-484d-815e-4cc81c0caafb,projects@joineryhomedxb.com,https://www.joineryhomedxb.com
5c0a01d2-0ea6-40ce-a128-60aba7629b30,info@dubaihillsvillamaintenance.net,http://dubaihillsvillamaintenance.net/contact
7eeb79e0-23b6-4410-a5c1-63a533cc419e,contact@ohwoodworks.com,http://www.ohwoodworks.com
8babd1ae-ce1e-490b-bc3f-df0e4883e761,info@deftinterior.com,http://www.deftinterior.com
5a7f70a6-e2d6-47d7-91b4-90e40843749a,info@troypower.ae,https://renovationuae.ae
73007c1c-aa14-4fef-a42f-b2befd4ec2c8,promo@totalpropertycare.ae,https://renovationexperts.ae
e7519dfb-8b58-458f-851b-54a591ecd160,info@luxedesign.ae,https://www.luxedesign.ae
64fba735-44a8-42ce-a212-fd0276636393,info@alshibacarpentry.com,http://alshibacarpentry.com
74e68d07-d9ed-4b88-b4df-e7689be8ef68,alonqood@eim.ae,http://www.alonqood.com
a5047518-61e4-44d8-939c-775f390cf8a7,info@mcorp-interiors.com,https://mcorp-interiors.com
cc0e496a-7fb0-4cdd-b2e3-054f3d2be140,sardarmomalbadshah997@gmail.com,https://mnccarpentry.ae
42e3f1f7-db94-482e-b207-f92d93144aa0,info@vhc.ae,https://vhc.ae
511084b1-d9f7-4639-8066-ed8f2354bc48,sales@fitouthouse.com,https://fitouthouse.com
08f82249-5fb1-45de-956e-510cda14cd3f,info@wondercreations.ae,https://wondercreations.ae
cde67311-1357-4ed3-9ebf-b7cd7f6c3476,info@architeriorsdesign.com,https://www.architeriorsdesign.com
b399df94-906d-4617-809c-ed6a2ba774ce,alhadeeqallc@gmail.com,https://alhadeeqacontracting.com
9960af8e-4393-4dec-8943-e52ed17807ce,info@alzadcarpentry.com,https://alzadcarpentry.com
a37e5967-d2db-4797-a0c4-a35c695460b2,booking@thesmartfixers.com,https://thesmartfixers.com
9d00fa17-d438-45b5-808b-3b88f5bc060c,secretary@grandwoodwork.com,http://www.grandwood.ae
8a0d0fdf-46c5-4707-9bfa-9c932ec1c18e,contact@zyx.com,https://luxurybeachfrontrealestate.com/contact
d36436bb-dc22-4ebb-8854-dff9709a38dc,%20info@villa360.ae,https://villa360.ae
97dc72c6-f662-460d-a0b9-48cc5766b6dc,info@mpcllc.ae,https://mpcllc.ae/hvac-cooling-services
12d378f5-5101-41dd-a0a5-b55c12c0c27b,info@casakraftinteriors.ae,https://www.casakraftinteriors.ae
1b1424ec-6d0d-4567-9417-bd37b91111c8,info@bg.ae,https://www.bgvillas.ae
0e280c3d-3ed6-4ea2-91ab-a0bc8a25794e,info@wedointerior.ae,https://wedointerior.ae
a81400ca-84de-422b-b852-909bb7667145,maikoarchitecture@gmail.com,https://primerockcontracting.ae
1fa79681-38dd-479c-b980-3bd5492e6dbd,info@modeneseinteriors.com,http://www.modeneseinteriors.com
c42dee05-cfee-40df-a31b-2245ba44e997,info@atechinteriors.ae,https://atechinteriors.ae
b5a36ea9-cb2f-4fa0-bc20-84b680186d7f,info@appellointeriors.com,https://www.appellointeriors.com
610fcb49-2682-4f51-8e8b-8d67bf783edf,connect@marble-dream.com,https://www.marble-dream.com
8a8d5dbc-3adc-4acd-9d1a-6d7cc690ea09,info@rayfitout.com,https://www.rayfitout.com
1d8850ee-b7d1-4fac-9670-631d5537659e,micah@micahrich.com,https://argomakers.com
8cf6656b-b801-4d8c-83eb-da60904142c9,info@interioritalia.ae,https://interioritalia.ae
6c771611-b1c8-4a9a-809e-a66ff4d2c0f9,info@villapaintingservicescollc.com,https://villapaintingservicescollc.com
b1ff9d54-828d-4f7a-b2a5-be84e584f43e,info@musedesign.ae,https://musedesign.ae
69fdfd5f-0f95-48a2-9037-fbad5c2c7e1e,info@dnmuae.com,https://www.dnmuae.com/contact
9e81b53f-959e-4673-8095-4203963afd5b,say.hi.innerside@gmail.com,https://creativeshelf.ae
4b80edfa-bf60-4964-8927-14f194d13947,info@mouhajerdesign.com,https://www.mahermouhajer.com
fb5e97cb-05d1-4456-95ba-c0c4691b393c,info@measureinteriors.com,https://www.measureinteriors.com
69ca6d20-9a64-41bf-b6c3-b2d9af342300,info@bltsdxb.com,http://www.bltsdxb.com
d7fd5414-dc68-41cb-b555-9176622e3ebb,info@www.fitoutcontractor.ae,https://www.fitoutcontractor.ae
2f9ccb05-adc8-4a0d-ac4f-3edf9c747c01,info@anainteriors.ae,https://anainteriors.ae
698cb9ea-5690-4a6c-9dbc-6a5ad0c71a5e,allfixrenovationdubai@gmail.com,https://allfixrenovationdubai.com
e0ffe1b3-a4e4-479c-aeff-2b60b9d771fe,micah@micahrich.com,https://www.renovationbrostsc.com
f59ef1ee-c980-47f9-95fe-5f55ef38c4ea,info@dzdae.com,http://www.dzdae.com
5e620538-5514-4531-906a-efa8a2e36204,info@kyrios.com,http://www.kyrios.ae
da6d7952-5517-4b5b-bb29-c0b54b810baf,prestige.renovation.dubai@gmail.com,https://prestige-renovation.ae
385ce4cb-6f9c-4a26-9555-53eb2390d3c0,faizi@fdstudioz.com,http://www.fdstudioz.com
b366ab35-52f2-4957-bff1-a985695b3f4c,fixtohome1@gmail.com,https://fixtohomes.com
ba3ec66f-aae8-421b-b7c4-9e75eaf00636,deedesigners.secure@gmail.com,https://apartmentrenovationdubai.com
702764b3-4e0d-4df1-9db2-d988981f5ef8,info@algebra-contracting.com,https://algebra-contracting.com
b4cb080d-437c-43fd-82cf-a7383bb13d8e,info@fixitcarpentry.com,https://fixitcarpentry.com
655ef803-176e-4633-a6f9-6be31016e288,renovationexpertuae@gmail.com,https://renovationexpertuae.com
0770f80f-a419-4c24-b3ec-647f5671b11f,info@fixwell.ae,https://fixwell.ae
2dc15634-d30f-4df8-a2c6-7cf095e12293,info@fastsecure.ae,http://www.fastsecure.ae
0fc699b6-7261-40d2-b949-e52088541251,hello@zeinainterior.com,http://www.zeinainterior.com/?1
e5537f9b-9455-4ad9-81d6-abb943a27247,enquiries@1fitout.com,https://1fitout.com/?utm_source=google&utm_medium=gbp
6c8a1671-35e0-4566-b4d3-b51a93c72b12,info@daftechnicalservices.com,http://daftechnicalservices.ae/contact-us
d1d9b64a-deba-4266-b67b-f06aa20b3a55,info@sakcarpentry.com,http://www.sakcarpentry.com
50b0df0e-a4f3-4a2b-b9d0-7cf1223b646b,hello@fajrinteriors.com,https://fajrinteriors.com/?utm_source=GBP&utm_medium=Organic&utm_campaign=GoogleBusinessProfile
b53fd5ac-e74d-463d-afc5-c8533734f69e,info@teamfitout.ae,https://fitoutdubai.ae
d44fa77d-9d77-4a2e-837b-8aeff8772880,mail@fitoutinteriordesigns.com,https://www.fitoutinteriordesigns.com
5239f4b2-234d-4740-881f-517cb59879be,aacd77@gmail.com,http://www.abualicd.com
e184ea5d-86bb-4f56-9c15-7a03786399d0,%20admin@villapaintingservicesdubai.ae,https://villapaintingservicesdubai.ae/contact
872bacfd-c4f3-416f-a926-2298fe40c099,info@designmart.ae,https://www.designmart.ae
88fe4f60-4e91-4323-b26f-5a1c6778535f,info@renovation-hub.com,https://www.renovation-hub.com
21215e74-58a0-4cfb-9277-88bbb2774571,info@orrointeriors.com,http://www.orrointeriors.com
c8f07c28-dab3-4b0d-a660-ec85178a854b,info@thefitout.ae,https://www.thefitout.ae
fc05e853-ba3b-46d6-ae5e-6f22c74257d8,pleasantcarpentry@gmail.com,https://pleasantcarpentry.com/contact
9110d842-c948-47d5-933e-3087458bdbe0,theratio_interior@mail.com,http://fkinteriorfitout.com
3abd572f-c6a0-40a8-8f53-b1c522d069f9,info@htsinteriors.com,https://htsinteriors.com
9c3047c4-cec7-46d8-a972-954d5e34976c,info@immersiondesigns.com,https://immersiondesigns.com
40e835ba-f421-4d90-b48a-a5f53082cddd,nad@janatofficefitout.com,https://www.janatofficefitout.com
df92a12a-47e0-4e29-bf7f-5f7c7b321012,john@doe.com,http://riverislandinterior.ae
0699bf40-beec-4c6c-8135-2e336c480c9f,info@algedra.ae,https://algedra.ae
45e0fbe1-5bab-4067-b2a3-6bdad13e1af2,info@designmotives.ae,http://www.designmotives.ae/contact
d2cdf390-9e4b-4d0b-894a-d6f9af26c078,b.bidcont@gmail.com,https://bahralsultan.blogspot.com
07de611b-7a10-477e-9f1d-75813b426a31,sales@infinity-fitout.com,http://www.infinity-fitout.com
ed9d112d-a851-4ae4-808e-f1a506a436de,info@4space.ae,https://4space.ae
b35d2bff-df40-4774-b45b-03b53d503cb1,accounts@fitoutheroes.ae,http://www.fitoutheroes.ae
58818458-ebab-4461-a6ef-1f5d7b7ade9d,mddecoruae@gmail.com,http://www.mddecoruae.com
376ce11b-dbe8-4ca8-bc66-3f95be331481,info@design-infinity.com,http://www.design-infinity.com
40b491ab-0e56-48bd-9c92-973fbec155da,info@idxperts.com,http://www.idxperts.com
f3e27abb-df90-49b7-8132-cb1e205ca707,care@interiorcompany.com,https://www.interiorcompany.com/dubai
8c1954e6-a883-480c-bc54-10ba3730fafd,info@mdfitout.com,https://www.mdfitout.com
c70e3969-e187-4371-b968-62eb5d76a730,humxa.meer@gmail.com,https://amh-interiordesign.ae
10617590-a6ba-4f19-b665-dc5db8dd1ea6,sales@dinterior.ae,http://www.dtinterior.ae/contact
a756c61e-9a18-44ef-aec0-14a5fd9f7213,info@contractors.direct,https://contractors.direct
ff870b91-3ec5-4bd9-a2b0-1d9d23949f31,info@interiorsfitout.com,https://fplus.interiorsfitout.com
65fa3b1b-b2a2-459b-a6f9-622b3b7ab50c,info@justspectrum.ae,https://www.justspectrum.ae/?utm_source=google_profile&utm_campaign=localo&utm_medium=mainlink
60d3a053-0433-4120-acd5-26d5db420e26,info@designdesignllc.com,http://www.designdesignllc.com
88b152bf-8afe-4919-809c-20bfd57636c5,info@rbichome.com,https://rbichome.com
fce1fadb-5daa-4be2-b9e3-08f92417e804,info@palladianuae.com,https://www.palladianuae.com
b1440b5a-ff1f-434e-a446-9a372a3370cb,enquiries@multibuild.ae,https://www.multibuild.ae/contact
76480149-8f37-455b-bc05-4e23b5c945b0,milenabbrandao@gmail.com,https://www.handymanservicesdubai.com
b30e8a44-2a63-49c4-b93f-ae54103d9c6a,hello@turnkeyrenovations.ae,https://turnkeyrenovations.ae
c8319353-a158-4a95-b1b1-22a61797565b,designcb@emirates.net.ae,https://designclub.ae/contact
d65a2f82-9a60-4ecf-81aa-b3529f1d1ac7,info@grand-builder.com,https://grand-builder.com
8806ac65-c66a-4822-99f7-b1050ea80457,info@pinklinewoodworks.com,http://www.pinklinewoodworks.com
6c826388-9306-4749-b0a6-e32711642c32,hmcarpentry786@gmail.com,http://hassanalmazmmi786.wixsite.com/1234
4294d8e7-5c14-4325-bacf-94000aa49c94,contactus@bluebolt.ae,http://www.bluebolt.ae
453f83a5-b0c9-45fe-bdd8-bbd562c5b0cd,info@fitoutbureau.com,https://www.joineryhub.ae
f065faf6-e0cc-45bc-9e6c-ab9ce32085ee,info@falconinterior.com,https://www.falconinterior.com/?utm_source=gmb&utm_medium=Google+My+Business&utm_id=MyBusinessPage
53cbc141-9591-4ef3-ba66-4622cba91757,info@mrcarpentry.com,https://mr-carpentry.com/carpentry-services
66534bed-1177-446a-9950-f0d74322207d,support@fardorenovation.com,https://www.fardorenovation.com/contact
17cf4184-44bf-45e1-96ab-a171259e9be5,info@sconstruction.de,https://www.sconstruction.de
e5ad68fa-fb15-4dcf-849b-6aeb90d3f01b,info@diamondhomedxb.com,https://www.diamondhomedxb.com
7d758bc6-d0e8-4489-bbd2-f6ca5ec49637,info@interiorworks.ae,https://www.interiorworks.ae/concordia-fit-out-approval-jlt-dmcc.html
2c99a289-f2c2-4a5a-8afe-b4022373e621,info@motifuae.com,https://motifuae.com
f9a1b288-a5c1-49f2-8b5b-07cf17efe6e9,info@jangidcarpentry.com,http://jangidcarpentry.com
4ba6df45-a95c-4947-8e0d-a59890e3b92a,arianagrandedh@gmail.com,https://nawazcarpentryservices.com
e44267c1-683f-4d0f-ba8c-5608558b5ff4,info@alaustathcarpentry.com,http://www.alaustathcarpentry.com
d624477b-bfd8-49b7-9ac1-3730dc6702f5,id@iw-ts.com,https://www.iw-ts.com/contact
6ec4c940-eeef-4b37-9039-f943a0485802,info@ldfitouts.com,https://lloyddesignuae.com
f2318e81-9333-4cbe-b604-d6fe00610102,info@kayanalzaman.com,https://www.kayanalzaman.com/contact
40522bd1-6b4a-48a2-b024-131434e4384d,hello@ritz-interiors.com,https://ritz-interiors.com
b3ba1e5b-4746-4d3a-9a81-7fc0f3cc986d,office@projectsociety.ae,http://www.projectsociety.ae
e1f8358f-7537-479a-8fe4-30f298b566fc,info@palazzoelite.com,http://www.palazzoelite.com
55874acc-efb7-432f-a543-366dc338a13c,info@amicodesigncompany.com,https://amicodesigncompany.com
7bcca206-5546-40e7-baf4-912b67cea222,info@xenainteriordesign.com,https://xenainteriordesign.com
0fc212f2-b60f-45f0-bc55-133ae6a2a3fd,info@dufit.co,https://dufit.co/?utm_source=google&utm_medium=organic&utm_campaign=gbp&utm_id=GBP+1
9bf6eb37-e6b0-42cd-a666-bf4db4258b82,wafa@wafaghaoui.ae,https://www.luxelleinteriors.com
a35d885c-e19a-4622-8ba0-4738857fbbb1,iddesigndubai@yahoo.com,http://idc-int.com
eb4086a9-e33b-4be6-a4ca-cf7d4854097f,ahmad@jaancontracting.com,http://www.jaancontracting.com
3d3450ab-9881-4c7b-9e3e-ee52318d8d39,hello@capitalassociated.com,https://www.capitalassociated.com
a579acbe-0603-453a-ac9b-96a4c662eca2,team@latofonts.com,http://jmsrenovations.com
c946b7aa-5a26-47d2-a43f-ca45a404212c,info@h2rdesign.com,http://www.h2rdesign.com
09ea8c4b-1f8e-4ce4-869a-fdd798dcc6d0,info@mwmstudio.co,https://mwmstudio.co
4157b8db-7052-445d-8d21-d092364be2ca,info@spazio.ae,https://spazio.ae
2f955153-75ef-4e5f-b5ef-4e6d111aa39f,m.shahbazsherwani@gmail.com,https://innovativevistech.com
6daba372-0acd-4cc7-bea9-ae524d9dd3ac,info@fixhub.ae,https://fixhub.ae
fec88d3f-116e-45ea-92ba-19b7f4b853c5,contact@belhasainteriors.com,http://www.belhasainteriors.com
2c2a5e51-6a9e-4c66-914a-069117eece4a,sales@zeninteriors.net,https://www.zeninteriors.net
6c3f1fff-0a95-4d0f-8637-af3a1a4f057b,info@winteriorsdecor.com,https://www.winteriorsdecor.com
0f6e6a56-51e9-4da4-ac5c-b1491353862d,sales@smartprouae.com,http://www.smartprouae.com
d9f5fd4e-a86c-41f9-b7eb-4675ff0e07e5,samreen@fitouttales.com,https://www.fitouttales.com/contact
2a188066-c2f9-4e43-ab64-bf0a9fd4bbd9,hello@elementainterior.com,https://www.elementainterior.com
1fb64093-54b4-41cd-8239-b2acefe3f468,info@amitisdesign.com,http://www.amitisdesign.com
1bcc2ddf-fe24-49dc-a2c3-d8fc691af918,john@company.com,http://www.zis.ae
f88d13c5-e83e-4b5d-b9c0-75f798ea8e3b,info@daymconcept.com,https://www.daymconcept.com/contact
dc6a3e63-ef06-472d-90ab-6c5f60ae4aed,contact@narroproduction.com,http://www.prospect-design.com
224465db-d74e-44b5-8d95-b7231b864177,info@chd-ranaalkassim.com,http://www.ranaalkassim.com
6af79094-0454-4267-92e1-795b64786621,info@twentyone06.com,https://www.twentyone06.com
671b8096-c088-4ddc-9c66-170741e605e0,noordesign1@hotmail.com,http://www.noor-design.com
b7f7c0a8-ed71-4e63-adf7-0b84e2281a2f,interiors@accouterdesign.com,https://accouterdesign.com/best-interior-design-companies-dubai?utm_source=LocalMaps&utm_medium=GBP&utm_campaign=website
b78d1fb7-5014-40d4-bcd7-d7956338abee,info@kasinteriorfitout.com,https://kasinteriorfitout.com
81a544f4-93d8-43e3-9418-454cf1b1d510,info@dld.ae,https://dld.ae/contact
120f08ab-8346-4e95-be54-bc6a630f78cd,info@fix4technical.com,http://fix4technical.com
a0d0faaa-0126-424e-8638-e33ce4f42578,info@servicepro.ae,https://www.servicepro.ae
160a0d36-5657-4410-a3b5-7e73f4d54a7e,info@renovatella.ae,https://renovatella.ae
bf98c83a-c3ba-46c6-8469-3d8e8f6dd8d7,handymanservicesdxb7@gmail.com,https://handymanservices-dxb.com
2b7e3e8d-d366-4ed6-9b89-fe893fb418ec,info@point2pointtechservices.com,https://point2pointtechservices.com
6fcc1a5c-a344-4e48-b205-a6955ca1cc58,info@handymanheroesdubai.com,http://www.handymanheroesdubai.com
c6e96a7f-f4bb-4047-a096-e34cc4f3f3dd,doe@gmail.com,https://www.nkbaumeister.com
3d2c0fee-a293-4aa8-9d97-a04af2694bd8,info@speedofixerdubai.com,https://www.speedofixerdubai.com
09799bbf-d7bc-4ea1-b872-cbb0d72f8b5f,sales@pravarth.ae,http://www.pravarthibuildings.com
e9b1976d-f79e-41f0-b517-54e975037409,info@wwduae.ae,http://wwduae.ae
eda999b9-5e4c-41e8-93a3-95afeb4cd8d1,info@ansora.ae,http://ansora.ae
a82dc2f1-7ed0-469a-aeab-e63f19a3a864,info@eurodar.com,http://www.eurodar.com
35eed030-ea85-49c1-a406-7749c489163b,info@burjalwasl.ae,https://www.burjalwasl.ae
b2e7bccf-fd19-4cc9-b303-0dda3c7dd537,info@linesandcurvesglobal.ae,https://linesandcurvesglobal.ae
178d9629-a079-4ac8-b8e0-66d6a87aea03,welcome@brs-group.ae,https://brs-group.ae
9d39efcd-60d9-419f-9046-1425b5826f75,admin@brickdesignuae.com,http://www.brickdesignuae.com
456efe26-902a-4d4f-8f60-bf9cc699b955,info@triplemaedubai.com,https://www.triplemaedubai.com
b85c9366-45c5-4b7f-b041-744554e7452b,info@creativeeffect.me,http://www.creativeeffect.me
5623f961-9340-4dfe-8c40-03b1047118b4,info@kannorats.com,http://kannorats.com
73f9b204-7f02-4216-b835-0cb34a2c987c,hello@ypinteriors.ae,https://ypinteriors.ae
93b14c37-2427-41f4-9f6b-f41ac2ff8993,info@tanbrowninteriors.com,http://www.tanbrowninteriors.com
e849d3bf-d57d-4ca8-9072-89cd681af83d,info@thecodeft.com,https://thecodeft.com
a2bd5948-4515-45d4-a8df-68f954f7350b,kubikdecor2016@gmail.com,https://kubikinteriordesign.com
8ef7e368-e4ed-4b02-9aa6-ba4a2dbf3ccf,info@bravacasadxb.com,http://www.bravacasadxb.com
868d0f7d-fc2e-4540-914a-0548fdc9ce64,admin@casavogue.ae,https://casavogue.ae
0e01819f-7310-4d8d-965c-02af634bff3a,info@gsiae.com,http://gsiae.com/contact
33f43d99-f72c-4c23-86e1-ec8d6298d8b7,info@biverse.ae,https://biverse.ae
250d56f4-05fa-4cbb-9027-4c316c7b2ab6,info@agtservices.com,https://adnangulfraztechservices.com
173e6876-77f7-4c92-a9bf-8d812e3c5490,info@stellarfitint.com,https://www.stellarfitint.com
abec7dde-05b6-457e-98d5-2fbca0d8df5f,project@retouchegroup.com,https://retouche-hub-decor.com
56975e5c-4345-4cb2-b837-0b572ecc819b,info@smcontractor.com,https://www.smcontractor.com
45803b92-0ccd-4917-8078-954886db58c5,project@spacebuiltme.com,https://spacebuiltme.com
3a1ad9c4-3767-4c25-89cb-62df81b9919a,sahmdecoration@gmail.com,http://alsahmdecorationdesign.ae
37b46247-8937-494c-a54c-0d309108d279,info@orsudemolition.com,https://orsudemolition.com
a2a2a3f5-8950-48af-8d33-2c7af5542292,info@irinterior.com,http://irinterior.com
87089e32-1613-4fe2-8c7d-8a5d6fae0e78,contact@charminardubai.com,https://charminardubai.com
a48422d4-fe9f-42e1-ae89-30bbefcc39f0,info@wai.ae,https://www.wa-international.com/contact
99df11f7-031b-464e-a6e4-3baabd598872,info@rbbcontracting.ae,http://www.rbbcontracting.ae
0caee3b3-1d70-4288-83a0-7d462fcf1123,jai@aurainteriors-me.com,http://aurainteriors.ae
bb906f91-cc9e-45fb-9442-d853172337e4,info@gufofitout.com,http://www.gufofitout.com
c969d788-b139-4679-9da1-5bba679e3549,info@futurecontractying.ae,http://www.futurecontracting.ae
523ec537-8aeb-472a-8bfd-73e378a89779,sales@theprimecrew.com,https://theprimecrew.com
cb072c3b-6743-4d80-b3d6-9e41e39bd14b,info@almrooj.ae,https://almrooj.ae
e38408a4-be05-43c3-afd6-c59f39d7b504,imran@visionthree.ae,https://visionthree.ae
86522ad4-c37a-4d1b-b290-9607c1004ce1,info@sabuildingcontracting.com,https://sabuildingcontracting.com
e59fe8cc-ea6c-41b0-96f7-d5ed991df163,libertybuildingdemolition@gmail.com,https://www.libertybuildingdemolition.com
02fb669d-fb1d-486c-b6b2-1e2f0287f517,info@masargroups.com,https://www.masargroups.com
10b53e71-c1f3-483c-980c-0a033ee173d2,support@webador.com,https://www.soacarpentry.com
adb50fa1-678a-43d3-8658-c3ddd201e9b1,mail@sdadesigns.co.in,http://www.sda-world.com/contact
c184dcd2-6f6a-4dee-887b-420b9cbbb86a,info@stampuae.com,https://www.bathroomrenovationdubai.com
002785e0-eef2-49ad-a699-36c1d81c8fcd,rayanfitout@gmail.com,http://www.rayandecor.com
262089bb-8645-4a90-b6d5-f5e60059f80b,info@antonovich-group.ae,https://antonovich-design.ae
33ab414b-8954-4e75-9986-f61039242602,info@egybuild.ae,https://egybuild.ae
bf27cc3a-19eb-4056-b925-ed44d94cea7c,info@spazio.ae,https://spazio.ae
5245d6d4-3536-4c8e-aa07-3b4593cba64e,info@rosevilledubai.com,https://www.rosevilledubai.com
4ab76ad8-e89a-4530-96a2-b9afd77c5a6f,sales@smartecinnovation.com,https://smartec.ae
d1264a44-992c-4778-baac-6387716f23ea,info@kcjlandscaping.ae,https://www.kcjlandscaping.ae
3eb39dc6-1f2c-4bc1-8021-27b5a7be1c6f,info@depa.com,https://depa.com
511267e2-c241-4b49-a603-7545dfc01b16,enquiry@milestonedubai.com,https://milestonedubai.com
09e0b173-7f3f-486c-96a8-a6b4508629fb,info@ldfitouts.com,https://lloyddesignuae.com
e35a4068-1f30-4823-b084-0dab95a11f71,info@mysmarthome.ae,https://www.mysmarthome.ae/contact-us
51a46566-5398-41a8-a2b2-1da5af2d5694,sales@summertown.ae,https://www.summertown.ae
d1835d49-4a90-4af4-9e48-824d747eecd3,info@bondinteriors.com,https://bondinteriors.com
40934c94-c854-46ea-b487-b219c3e083d9,info@mokka.ae,https://mokka.ae
3954e2d6-8bf2-4ae9-8458-c5bb300087da,jason.techleagues@gmail.com,https://blueprintexperts.ae
5b737255-7a70-4fdb-a58f-4e95298473df,info@euphoriainteriors.com,https://www.euphoriainteriors.com/contact
5763084b-2930-4c24-bde5-d9d41aa7e3ae,info@euphoriainteriors.com,https://www.euphoriainteriors.com/interior-design-company-in-business-bay/contact
23a83c2d-c7ad-44cc-8cfe-7af18d359b18,info@phpstack-1332416-6490520.cloudwaysapps.com,https://handyman-dubai.com/contact
d3d47ec4-a0dd-461d-8b37-28ac2e07b950,create@designsmith.ae,https://designsmith.ae/contact-us
c34143ac-d739-4b38-9a8d-032da55695df,info@saalinedecor.ae,https://saalinedecor.ae
5bda6166-cd16-4424-8ae6-06ef6fbb4e19,info@dekvon.com,https://dekvon.com
952e2883-779f-4b0a-9de4-1df4ca2da319,contact@har.ae,http://www.har.ae
5492c4ed-75ff-488b-b3a9-7f04384b9612,info@xbdesign.com,https://xbdesign.com/contact
4e1f7721-31e9-4f50-a73c-853eb276de57,info@loyalgroup.ae,http://www.loyalgroup.ae
47ef351c-d943-45ff-aca2-c534ff4b1732,sales@dhmuae.com,http://dhmuae.com
eeb9c545-c44d-4d62-bb61-506491930bd3,basatanwertech@gmail.com,http://basatanwertech.com
2518f1d1-282d-42a9-a383-0564512eae0b,info@stsllcae.com,https://stsllcae.com
aec8b55f-e960-4b4c-b262-9a7aecb8796b,info@zabeeldecor.aeal,https://zabeeldecor.ae/contact
785830c2-7852-490c-9ca6-31c32579bb38,info@guideline.ae,https://guideline.ae
b006e48c-956c-4cea-9180-83b526018d55,info@palmlivingae.com,https://palmlivingae.com
664a438c-cd1b-42f8-a9f4-e19ed3522806,studio@lumi-interiors.com,https://lumi-interiors.com/contact
0986c00c-12fb-473e-a3be-da112df71147,support@webador.com,https://www.zelzaldemolition.com
e52b23a9-49f5-4fae-8983-7b3bce379d3d,info@atginteriors.com,https://www.atginteriors.com
e0bb6dcb-cd76-4f3b-8221-bdb68df5ad17,info@royalambiance.ae,http://www.royalambiance.ae
8c0db12f-22c5-47dc-a5de-d1d233cc8e12,info@buildwise.ae,https://buildwise.ae
19ee6410-6b73-48fd-9af3-f4550edb153b,helpdesk@homeexperts.ae,http://homeexperts.ae
08f9fcb0-2e09-4905-bc1c-b6dafaab568d,info@uprightgroup.ae,https://uprightgroup.ae
6c32f022-58d5-4499-a4ee-e20dd9f835d0,info@elvninteriors.com,https://www.elvninteriors.com
e1b1a143-32af-4f02-803d-06b70577a2c5,info@mefitout.com,https://mefitout.com/contact
6b1da6ef-21ea-45ab-850a-bfe5ae808e2b,info@agoratechnical.com,http://www.agoratechnical.com
6fd45704-bbfb-4eae-9aae-435daf7b8b5c,info@stagheaddesigns.com,https://alchemist.ae
08f05165-d27b-4182-abc3-130f9bd9dae5,customersupport@interiorsfurniture.com,https://www.interiorsfurniture.com/en
b4197089-80f9-4736-8708-3d3bdeba5966,info@creativehome.ae,https://creativehome.ae/?utm_source=google&utm_medium=gmb&utm_campaign=profile&utm_content=website
7957c1a8-7440-4030-a66d-3d01d1eee4b2,info@centrumprojects.com,http://www.centrumprojects.com
574f9ef4-afc1-42d1-b205-7a7dedd18521,info@rectangleinterior.com,https://rectangleinterior.com
b68e7cc3-a4a2-4c64-b39d-941b6b242b9c,nawaz.zia@woodworks.ae,http://www.woodworks.ae
f518c425-3378-4b39-aa91-18504ef5e97d,glorifiedtechnical@gmail.com,https://www.glorifiedtechnical.com
ab34b0c7-46cc-4ecd-889d-8d5fbbae9e3b,info@editionliving.ae,https://www.editionliving.ae/contact
f222d823-ff94-4c55-9f74-040c474c7018,info@dstw.ae,https://dstw.ae
db7d9b13-e442-445c-9c11-184f07b8e7cc,info@vrenovations.com,https://www.vigilantkitchens.com
7c2b89d5-05cd-4e67-947b-8f390d5b6998,sales@summertown.ae,https://www.summertown.ae
4eee5015-8225-4d0d-90a1-23a1dbea2e3b,ali@skycastleinteriors.com,http://www.skycastleinteriors.com
24a21a6f-2eef-44be-8115-bafa13f8ec00,info@origa.ae,http://www.origadesign.com
1b7a8f06-a838-4f9b-a223-5f45de48b1eb,info@control-space.ae,https://control-space.ae/contact-us
44a70278-cbcf-46b8-9897-5c4031eafe95,info@villaandmore.com,http://www.villaandmore.com
013eb159-8dc3-4668-9504-07ba5cf3660c,villapaintingexportvillapainti@gmail.com,https://villapaintingservice.com
d1efbda1-1cf4-4045-a480-67b50d369a44,sales@elegantinteriordesignllc.com,http://www.elegantinteriordesignllc.com
1a85f6fd-8396-484b-86e2-c6c644512def,ontimepaintingdubai@gmail.com,https://ontimepaintingservices.com
ab4d2e86-f222-42c0-894c-2c7d2e088257,info@fixationhub.ae,https://fixationhub.ae
fc07abb2-9b46-4591-bee0-6c1f5ee15845,sales@purewoodinterior.com,https://www.purewoodinterior.com
5dba0749-0cae-4f61-8b8b-82bea2378c39,info@mokka.ae,https://www.mokka.ae
929d046b-8cc4-4d60-981b-c623ee60e0fd,headoffice@ppkcontracting.com,https://ppkcontracting.com/contact.html
e44ef0ba-e290-489f-a6f2-f2fa90a71faf,info@villapaintingservicedubai.com,https://villapaintingservicedubai.com/contact-us
6615acd8-ec6f-4917-b6a7-55f5b12e3d0f,maintenance.uae@mefgroup.com,https://mefm.ae/contact
40934c94-c854-46ea-b487-b219c3e083d9,info@mokka.ae,https://mokka.ae
952e2883-779f-4b0a-9de4-1df4ca2da319,contact@har.ae,http://www.har.ae
2518f1d1-282d-42a9-a383-0564512eae0b,info@stsllcae.com,https://stsllcae.com
eeb9c545-c44d-4d62-bb61-506491930bd3,basatanwertech@gmail.com,http://basatanwertech.com
929d046b-8cc4-4d60-981b-c623ee60e0fd,headoffice@ppkcontracting.com,https://ppkcontracting.com/contact
d3d47ec4-a0dd-461d-8b37-28ac2e07b950,create@designsmith.ae,https://designsmith.ae/contact-us
4e1f7721-31e9-4f50-a73c-853eb276de57,info@loyalgroup.ae,http://www.loyalgroup.ae
47ef351c-d943-45ff-aca2-c534ff4b1732,sales@dhmuae.com,http://dhmuae.com/contact
5492c4ed-75ff-488b-b3a9-7f04384b9612,info@xbdesign.com,https://xbdesign.com/contact-us
0986c00c-12fb-473e-a3be-da112df71147,support@webador.com,https://www.zelzaldemolition.com
785830c2-7852-490c-9ca6-31c32579bb38,info@guideline.ae,https://guideline.ae
b006e48c-956c-4cea-9180-83b526018d55,info@palmlivingae.com,https://palmlivingae.com
23a83c2d-c7ad-44cc-8cfe-7af18d359b18,info@phpstack-1332416-6490520.cloudwaysapps.com,https://handyman-dubai.com/contact
664a438c-cd1b-42f8-a9f4-e19ed3522806,studio@lumi-interiors.com,https://lumi-interiors.com/contact
e52b23a9-49f5-4fae-8983-7b3bce379d3d,info@atginteriors.com,https://www.atginteriors.com
e1b1a143-32af-4f02-803d-06b70577a2c5,info@mefitout.com,https://mefitout.com/contact
e0bb6dcb-cd76-4f3b-8221-bdb68df5ad17,info@royalambiance.ae,http://www.royalambiance.ae
08f9fcb0-2e09-4905-bc1c-b6dafaab568d,info@uprightgroup.ae,https://uprightgroup.ae
6c32f022-58d5-4499-a4ee-e20dd9f835d0,info@elvninteriors.com,https://www.elvninteriors.com
c34143ac-d739-4b38-9a8d-032da55695df,saalinedecor@gmail.com,https://saalinedecor.ae/contact
19ee6410-6b73-48fd-9af3-f4550edb153b,helpdesk@homeexperts.ae,http://homeexperts.ae
8c0db12f-22c5-47dc-a5de-d1d233cc8e12,info@buildwise.ae,https://buildwise.ae
7957c1a8-7440-4030-a66d-3d01d1eee4b2,info@centrumprojects.com,http://www.centrumprojects.com
db7d9b13-e442-445c-9c11-184f07b8e7cc,info@vrenovations.com,https://www.vigilantkitchens.com
6fd45704-bbfb-4eae-9aae-435daf7b8b5c,info@stagheaddesigns.com,https://alchemist.ae
08f05165-d27b-4182-abc3-130f9bd9dae5,customersupport@interiorsfurniture.com,https://www.interiorsfurniture.com/en
b68e7cc3-a4a2-4c64-b39d-941b6b242b9c,nawaz.zia@woodworks.ae,http://www.woodworks.ae
6b1da6ef-21ea-45ab-850a-bfe5ae808e2b,info@agoratechnical.com,http://www.agoratechnical.com
f518c425-3378-4b39-aa91-18504ef5e97d,glorifiedtechnical@gmail.com,https://www.glorifiedtechnical.com
574f9ef4-afc1-42d1-b205-7a7dedd18521,info@rectangleinterior.com,https://rectangleinterior.com
b4197089-80f9-4736-8708-3d3bdeba5966,info@creativehome.ae,https://creativehome.ae/?utm_source=google&utm_medium=gmb&utm_campaign=profile&utm_content=website
1b7a8f06-a838-4f9b-a223-5f45de48b1eb,info@control-space.ae,https://control-space.ae/contact-us
ab34b0c7-46cc-4ecd-889d-8d5fbbae9e3b,info@editionliving.ae,https://www.editionliving.ae/contact
5bda6166-cd16-4424-8ae6-06ef6fbb4e19,info@dekvon.com,https://dekvon.com/contact
7c2b89d5-05cd-4e67-947b-8f390d5b6998,sales@summertown.ae,https://www.summertown.ae
24a21a6f-2eef-44be-8115-bafa13f8ec00,info@origa.ae,http://www.origadesign.com
4eee5015-8225-4d0d-90a1-23a1dbea2e3b,ali@skycastleinteriors.com,http://www.skycastleinteriors.com
44a70278-cbcf-46b8-9897-5c4031eafe95,info@villaandmore.com,http://www.villaandmore.com
d1efbda1-1cf4-4045-a480-67b50d369a44,sales@elegantinteriordesignllc.com,http://www.elegantinteriordesignllc.com
ab4d2e86-f222-42c0-894c-2c7d2e088257,info@fixationhub.ae,https://fixationhub.ae
e44ef0ba-e290-489f-a6f2-f2fa90a71faf,info@villapaintingservicedubai.com,https://villapaintingservicedubai.com/contact
1a85f6fd-8396-484b-86e2-c6c644512def,ontimepaintingdubai@gmail.com,https://ontimepaintingservices.com
013eb159-8dc3-4668-9504-07ba5cf3660c,villapaintingexportvillapainti@gmail.com,https://villapaintingservice.com
6615acd8-ec6f-4917-b6a7-55f5b12e3d0f,maintenance.uae@mefgroup.com,https://mefm.ae
fc07abb2-9b46-4591-bee0-6c1f5ee15845,sales@purewoodinterior.com,https://www.purewoodinterior.com
5dba0749-0cae-4f61-8b8b-82bea2378c39,info@mokka.ae,https://www.mokka.ae
f222d823-ff94-4c55-9f74-040c474c7018,info@dstw.ae,https://dstw.ae/contact
