name,area,phone,whatsapp,website,categories
ADVIK EVENTS AND INTERIORS CARPENTRY CO LLC,Al Quoz,054 730 6308,https://wa.me/971547306308,https://www.advikevents.com/,"Carpentry, Custom Furniture"
ANK CONSTRUCTIONS & INTERIORS L.L.C,Al Quoz,052 450 9384,https://wa.me/971524509384,https://ankco.ae/,Villa Renovation
APlus Interior Building Contracting LLC,Al Quoz,800 27587,https://wa.me/97180027587,https://www.aplusinterior.com/,Villa Renovation
ARCTEC Building Contracting L.L.C,Al Quoz,058 501 5000,https://wa.me/971585015000,http://www.arctec.ae/,Villa Renovation
Al Asafeer Painting Contracting Co,Al Quoz,050 987 6786,https://wa.me/971509876786,https://www.alasafeergroup.com/,Full Renovation
Al Daffa Carpentry L.L.C.,Al Quoz,050 656 9734,https://wa.me/971506569734,https://www.aldaffacarpentry.com/,"Carpentry, Custom Furniture"
Al Faris Carpentry,Al Quoz,050 599 2786,https://wa.me/971505992786,http://www.farisinterior.ae/,"Carpentry, Custom Furniture"
Al Masood Carpentry Workshop,Al Quoz,055 686 8428,https://wa.me/971556868428,http://www.facebook.com/almasoodcarpentry,"Carpentry, Custom Furniture"
Al Salama / Best Joinery and carpentry,Al Quoz,050 629 9301,https://wa.me/971506299301,https://wa.me/message/ZEYWJ3LFWHMIA1,"Carpentry, Custom Furniture"
Al Zan Carpentry,Al Quoz,04 338 7507,https://wa.me/97143387507,http://alzancarpentry.com/,"Carpentry, Custom Furniture"
Alpha Star Wood Joinery LLC,Al Quoz,04 889 5664,https://wa.me/97148895664,http://www.alphastar-woodjoinery.com,"Carpentry, Custom Furniture"
Amersons Renovation,Al Quoz,052 744 5326,https://wa.me/971527445326,https://amersonsrenovation.com/,Villa Renovation
Aram Building Contracting LLC,Al Quoz,04 323 5955,https://wa.me/97143235955,http://www.aram.ae/,Villa Renovation
Atech Interiors LLC | Best Interiors Design & Office/Retail/,Al Quoz,04 554 5107,https://wa.me/97145545107,https://atechinteriors.ae/,"Commercial, Full Renovation"
Bait AlNoor Carpentry & Decoration Services,Al Quoz,055 418 5006,https://wa.me/971554185006,http://baitalnoorcarpentry.com/,"Carpentry, Custom Furniture"
Buadil Building Contracting LLC بوعديل للمقاولات العامة,Al Quoz,04 340 5519,https://wa.me/97143405519,https://t.ly/VGBr,Full Renovation
CSD Carpentry Services Dubai,Al Quoz,052 908 3479,https://wa.me/971529083479,https://carpentry-services-dubai.com/,"Carpentry, Custom Furniture"
Carpenter Dubai LLC,Al Quoz,056 600 9626,https://wa.me/971566009626,https://carpenterdubai.ae/,"Carpentry, Custom Furniture"
Casa Kraft Interiors,Al Quoz,058 602 3677,https://wa.me/971586023677,https://www.casakraftinteriors.ae/,"Villa Renovation, Residential"
DEBU CARPENTRY LLC,Al Quoz,050 496 0721,https://wa.me/971504960721,http://debudecor.com/,"Carpentry, Custom Furniture"
DEFT Technical Services LLC,Al Quoz,04 271 8903,https://wa.me/97142718903,http://www.deftinterior.com/,"Carpentry, Custom Furniture"
Designsmith - Fit Out & Construction Company,Al Quoz,04 338 4343,https://wa.me/97143384343,https://designsmith.ae/,"Commercial, Full Renovation"
Dubai Hills Villa Maintenance,Al Quoz,055 410 3557,https://wa.me/971554103557,http://dubaihillsvillamaintenance.net/,Villa Renovation
Dubai Hills Villas Repair,Al Quoz,055 252 4198,https://wa.me/971552524198,https://dubaihillsvillasrepair.com/,Villa Renovation
Dubai Interior Design,Al Quoz,052 569 8273,https://wa.me/971525698273,https://dubaiinteriordesign.ae/,Residential
Ele Interior,Al Quoz,04 340 9566,https://wa.me/97143409566,https://www.eleinterior.com/,Residential
Excellence Art Carpentry & Decoration L.L.C,Al Quoz,04 338 8408,https://wa.me/97143388408,http://www.excellenceart.ae/,"Carpentry, Custom Furniture"
Exotic Interiors Studio,Al Quoz,052 542 2227,https://wa.me/971525422227,https://www.exoticinteriors.me/,"Commercial, Full Renovation"
Fitout Bureau Interiors - Fbi | Interior Fit out Company in ,Al Quoz,055 439 3355,https://wa.me/971554393355,http://www.fitoutbureau.com/,"Commercial, Full Renovation"
Fix Hub Interiors LLC,Al Quoz,055 679 9733,https://wa.me/971556799733,https://www.fixhub.ae/,Villa Renovation
Gables Interior Design LLC,Al Quoz,04 449 0413,https://wa.me/97144490413,http://gablesinterior.com/,Residential
Grand Woodworks LLC,Al Quoz,04 338 7556,https://wa.me/97143387556,http://www.grandwood.ae/,"Carpentry, Custom Furniture"
Gufo Carpentry LLC,Al Quoz,056 967 0420,https://wa.me/971569670420,http://www.gufofitout.com/,"Carpentry, Custom Furniture"
H2R Design | Interior Design Company Dubai,Al Quoz,04 338 9005,https://wa.me/97143389005,http://www.h2rdesign.com/,"Residential, Commercial"
HAUS TECHS FOR TECHNICAL SERVICES CONTRACTING L.L.C,Al Quoz,056 299 0062,https://wa.me/971562990062,https://haustechs.ae/,Villa Renovation
High End Interior Decoration LLC,Al Quoz,04 333 9976,https://wa.me/97143339976,https://highendinterior.ae/,Residential
Horton Interiors,Al Quoz,04 388 1163,https://wa.me/97143881163,https://www.hortoninteriors.com/,"Commercial, Full Renovation"
IDYLLIC Interiors LLC-Interior Fit out company in Dubai,Al Quoz,058 638 2901,https://wa.me/971586382901,https://www.idyllicinteriors.com/,"Commercial, Full Renovation"
IDesign Interiors LLC,Al Quoz,050 213 2716,https://wa.me/971502132716,https://idesignuae.com/,Residential
Inner Space,Al Quoz,04 338 7155,https://wa.me/97143387155,https://innerspace.ae/,"Commercial, Full Renovation"
Interiors R US,Al Quoz,04 347 5123,https://wa.me/97143475123,https://interiorsrus.com/,"Residential, Commercial"
Interspace Interior Design LLC,Al Quoz,04 282 6999,https://wa.me/97142826999,http://interspace.ae/,Residential
Jumeirah Carpenter,Al Quoz,04 338 3231,https://wa.me/97143383231,http://www.jumeirahcarpenter.com/,"Carpentry, Custom Furniture"
"LAADS | Construction Company in Dubai, UAE | Interior Fit Ou",Al Quoz,04 347 5730,https://wa.me/97143475730,https://www.laads.ae/,Full Renovation
Lloyd Design Fitouts,Al Quoz,04 225 7031,https://wa.me/97142257031,https://lloyddesignuae.com/,"Commercial, Full Renovation"
MEF Maintenance - Home Renovation | Interior Design & Fit-ou,Al Quoz,052 902 7628,https://wa.me/971529027628,https://mefm.ae/,Full Renovation
MGM Interiors,Al Quoz,050 488 7843,https://wa.me/971504887843,https://mgminteriorsuae.com/,"Commercial, Full Renovation"
MNC INTERIOR DESIGN LLC,Al Quoz,056 569 8669,https://wa.me/971565698669,https://www.mncinteriordesignllc.com/,"Commercial, Full Renovation"
MY Décor Interior & Fit-Out - Dubai (Muhammad Yousaf Decor L,Al Quoz,055 558 9066,https://wa.me/971555589066,https://www.mydecorllc.com/,"Commercial, Full Renovation"
Magic Hand Building Contracting llc,Al Quoz,04 338 6898,https://wa.me/97143386898,https://www.magichanduae.com/,Villa Renovation
Mapletec Joinery,Al Quoz,04 222 2663,https://wa.me/97142222663,http://www.mapletec.ae/,"Carpentry, Custom Furniture"
Modern Carpentry Works LLC,Al Quoz,056 757 8000,https://wa.me/971567578000,http://modern-dubai.com/,"Carpentry, Custom Furniture"
NBB CARPENTRY LLC,Al Quoz,050 535 7487,https://wa.me/971505357487,https://www.instagram.com/nbb_carpentry/,"Carpentry, Custom Furniture"
Nawaz Sultan Building Contracting LLC,Al Quoz,058 128 0018,https://wa.me/971581280018,http://www.nawazsultantech.com/,Full Renovation
Noor Al Qusais Renovation,Al Quoz,052 662 3098,https://wa.me/971526623098,https://nooralqusais.com/,Villa Renovation
One Fit Out Studio - Interior Residential Fit out Company in,Al Quoz,04 335 4947,https://wa.me/97143354947,https://1fitout.com/?utm_source=google&utm_medium=gbp,"Commercial, Full Renovation"
Parm Decor - Interior Fit Out Contractor in Dubai,Al Quoz,054 398 9891,https://wa.me/971543989891,https://www.parmdecor.com/,"Commercial, Full Renovation"
Perfect Creations Interiors,Al Quoz,04 222 3946,https://wa.me/97142223946,https://pcinteriors.ae/,"Commercial, Full Renovation"
Pink Line Wood Works LLC,Al Quoz,04 340 6378,https://wa.me/97143406378,http://www.pinklinewoodworks.com/,"Carpentry, Custom Furniture"
Pleasant Carpentry | Carpentry Service in Dubai,Al Quoz,055 409 1271,https://wa.me/971554091271,https://pleasantcarpentry.com/,"Carpentry, Custom Furniture"
Primex Technical Services,Al Quoz,052 850 7092,https://wa.me/971528507092,https://primex247.ae/,"Villa Renovation, Full Renovation"
Project Society Interior Design and Fitouts,Al Quoz,04 228 8669,https://wa.me/97142288669,http://www.projectsociety.ae/,"Commercial, Full Renovation"
Renovation Hub,Al Quoz,054 342 4777,https://wa.me/971543424777,https://www.renovation-hub.com/,"Villa Renovation, Full Renovation"
Revive Renovation,Al Quoz,050 917 3848,https://wa.me/971509173848,http://www.reviverenovation.ae/,"Full Renovation, Villa Renovation"
Roar,Al Quoz,052 509 8720,https://wa.me/971525098720,https://www.designbyroar.com/,Residential
S3T Koncepts - Interior Fit-Out Company in Dubai,Al Quoz,04 324 7887,https://wa.me/97143247887,https://s3tkoncepts.com/?utm_source=google&utm_medium=gbp&utm_campaign=organic,"Commercial, Full Renovation"
SKETCHIZ - Design & Exhibition L.L.C,Al Quoz,050 705 3049,https://wa.me/971507053049,https://www.sketchiz.com/,"Commercial, Full Renovation"
Ser Al Ibdaa wood manufacturing L.L.Cسر الابداع لصناعه الأخش,Al Quoz,058 195 5271,https://wa.me/971581955271,http://www.seralibdaawood.ae/,"Carpentry, Custom Furniture"
Seven Lines Contracting L.L.C- WE BUILD YOUR DREAM HOME,Al Quoz,04 341 5577,https://wa.me/97143415577,http://www.sevenline.ae/,Villa Renovation
Sharif Carpentry & Decor,Al Quoz,04 341 0014,https://wa.me/97143410014,https://sharifcarpentry.com/,"Carpentry, Custom Furniture"
Sites Design & Build,Al Quoz,056 684 1636,https://wa.me/971566841636,https://sitesdxb.com/,Residential
Smart Cities Building Contracting LLC,Al Quoz,04 397 7006,https://wa.me/97143977006,http://www.smartcitiesuae.com/,Villa Renovation
Smart Pro Technical and Renovation Services,Al Quoz,050 159 3967,https://wa.me/971501593967,http://www.smartprouae.com/,"Full Renovation, Villa Renovation"
THE FITOUT,Al Quoz,04 709 4444,https://wa.me/97147094444,https://www.thefitout.ae/,"Commercial, Full Renovation"
TTS Carpentery Services Dubai,Al Quoz,050 876 2538,https://wa.me/971508762538,https://ttscarpentrydubai.com/,"Carpentry, Custom Furniture"
Tareen Interiors - Interior Design Company in Dubai | Interi,Al Quoz,04 336 9500,https://wa.me/97143369500,http://www.tareeninteriors.com/,"Commercial, Full Renovation"
The Reliable Interior Design - Interior Design & Renovation ,Al Quoz,04 395 9585,https://wa.me/97143959585,https://thereliableinterior.ae/,Residential
Top knot carpentry Works LLC,Al Quoz,04 259 2890,https://wa.me/97142592890,https://topknot.ae/,"Carpentry, Custom Furniture"
TroyPower Building Contracting & Joinery / Furniture Fabrica,Al Quoz,04 575 6082,https://wa.me/97145756082,https://renovationuae.ae/,"Carpentry, Custom Furniture"
Varsha Carpentry,Al Quoz,054 753 2146,https://wa.me/971547532146,https://www.varshacarpentry.com//,"Carpentry, Custom Furniture"
Villa Matric Technical Services Est,Al Quoz,054 593 2329,https://wa.me/971545932329,https://vmbuildingmaintenance.ae/,Villa Renovation
WOOD WORLD DECOR LLC,Al Quoz,052 787 5262,https://wa.me/971527875262,http://wwduae.ae/,"Carpentry, Custom Furniture"
Winter Plus Interior Design Works L.L.C,Al Quoz,04 337 7518,https://wa.me/97143377518,https://winterplusuae.com/,"Commercial, Full Renovation"
Y S R CARPENTRY & FLOORING CONTRACTING L.L.C,Al Quoz,04 338 3511,https://wa.me/97143383511,https://fixitcarpentry.com/,"Carpentry, Custom Furniture"
Yalla Renovation LLC,Al Quoz,800 7366,https://wa.me/9718007366,https://www.yallarenovation.com/?utm_source=GBP&utm_medium=website-click&utm_cam,"Full Renovation, Villa Renovation"
interior dubai,Al Quoz,088027 21749,https://wa.me/9718802721749,http://interiorsdubai.ae/,"Commercial, Full Renovation"
A1 Decoration Design & Fitout,Business Bay,052 146 8115,https://wa.me/971521468115,https://www.a1interior.ae/?utm_source=Google+My+Business&utm_medium=gmb&utm_id=M,"Commercial, Full Renovation"
AMS INTERIOR DESIGN & CONTRACTING,Business Bay,055 855 4133,https://wa.me/971558554133,https://ams-architecture.com/,Residential
ARCODE INTERIOR,Business Bay,058 500 5800,https://wa.me/971585005800,http://www.arcodeinterior.com/,"Commercial, Full Renovation"
Al Batal Al Saed Interiors Decorations LLC,Business Bay,052 261 5732,https://wa.me/971522615732,https://fitoutdubais.com/,"Commercial, Full Renovation"
"Al Safwan Service LLC | Villa Renovation, Apartment Renovati",Business Bay,058 568 0506,https://wa.me/971585680506,http://www.ipropmaintenance.com/,"Full Renovation, Villa Renovation"
Anas Technical Services LLC,Business Bay,050 922 1195,https://wa.me/971509221195,https://anastechnical.com/,Villa Renovation
Arta Creative Interiors | Design | Out Fit,Business Bay,050 113 8224,https://wa.me/971501138224,https://artainteriors.ae/,"Commercial, Full Renovation"
Asha Contractor LLC,Business Bay,04 570 7143,https://wa.me/97145707143,https://www.ashacontractor.com/,Full Renovation
AtelierOne,Business Bay,04 578 1444,https://wa.me/97145781444,https://atelier-1.com/,Residential
Ayat Interior Decoration LLC,Business Bay,04 551 6154,https://wa.me/97145516154,https://www.ayat.ae/,Residential
Bahr Al Sultan Decor - Sharjah Interior Design Company-شركة ,Business Bay,056 135 7641,https://wa.me/971561357641,https://bahralsultan.blogspot.com/,Residential
Blue Box Interiors LLC,Business Bay,04 276 9283,https://wa.me/97142769283,http://www.blueboxinteriors.com/,"Commercial, Full Renovation"
Business Stroy Contractor,Business Bay,052 531 2104,https://wa.me/971525312104,https://businessstroy.ae/,Full Renovation
Casa Bloom Interiors Decoration L.L.C,Business Bay,050 289 1800,https://wa.me/971502891800,https://casabloominteriors.com/,Residential
Casa Elegance Interiors | Fitout & Design,Business Bay,056 888 1212,https://wa.me/971568881212,https://ceinteriors.ae/,"Commercial, Full Renovation"
Copper Fitout,Business Bay,04 335 2910,https://wa.me/97143352910,https://copperfitout.com/,"Commercial, Full Renovation"
DEEJOS Interiors LLC,Business Bay,050 939 4844,https://wa.me/971509394844,https://www.deejos.ae/,Residential
Dar AlFan Technical Services L.L.C,Business Bay,055 604 8585,https://wa.me/971556048585,http://daftechnicalservices.ae/,"Full Renovation, Carpentry"
Desert Rise Contracting & Renovations in Dubai,Business Bay,058 184 8328,https://wa.me/971581848328,https://desertrise.ae/,"Full Renovation, Villa Renovation"
Emirates Pearl CCS Construction,Business Bay,04 244 9596,https://wa.me/97142449596,http://www.emiratespearl.co/,Full Renovation
Euphoria Interiors - Interior Designer Business Bay,Business Bay,04 490 2113,https://wa.me/97144902113,https://www.euphoriainteriors.com/interior-design-company-in-business-bay/,Residential
Fast Squad Luxury Interiors and Office Renovations,Business Bay,056 737 6367,https://wa.me/971567376367,https://www.fastsquad.ae/,"Commercial, Full Renovation"
Fit Out & Renovation Company | M&A construction & Technical,Business Bay,058 579 0302,https://wa.me/971585790302,https://fitout.services/,Full Renovation
Fit Out Company,Business Bay,04 874 7728,https://wa.me/97148747728,http://www.buildcorpinteriors.com/,"Commercial, Full Renovation"
Fitout Squad Interior & Contracting LLC,Business Bay,055 425 2581,https://wa.me/971554252581,https://www.fitoutsquad.com/,"Commercial, Full Renovation"
General Contractor,Business Bay,058 122 1757,https://wa.me/971581221757,https://www.generalcontractor.ae/,"Full Renovation, Villa Renovation"
Handyman Dubai Expert,Business Bay,04 586 4032,https://wa.me/97145864032,https://handyman-dubai.com/,Full Renovation
Hashtag Interiors - HTI Contracting LLC,Business Bay,050 104 0496,https://wa.me/971501040496,https://www.hashtaginteriors.com/,"Commercial, Full Renovation"
High Beam Contracting ( HBC ),Business Bay,04 514 9348,https://wa.me/97145149348,http://www.highbeamcontracting.ae/,Full Renovation
Homies interior fitouts & renovations,Business Bay,050 167 5286,https://wa.me/971501675286,https://www.homiesuae.com/,"Commercial, Full Renovation"
"Houses to Homes – Interior Fit-out, Renovation & Design Serv",Business Bay,050 657 7872,https://wa.me/971506577872,https://housestohomesuae.com/,"Full Renovation, Villa Renovation"
Interior Design Company in Dubai - Rady Interior Design & Fi,Business Bay,050 818 1824,https://wa.me/971508181824,https://radyinterior.ae/,"Commercial, Full Renovation"
Interior Design Company in Dubai | Best Interior FitOut & Jo,Business Bay,050 869 6556,https://wa.me/971508696556,https://ensideelevationinteriors.com/,"Commercial, Full Renovation"
J-WALT INTERIORS,Business Bay,052 824 6069,https://wa.me/971528246069,https://j-walt.com/,"Commercial, Full Renovation"
Kalp Vision Technical Services LLC,Business Bay,054 546 6711,https://wa.me/971545466711,http://www.kalpvisionuae.com/,"Carpentry, Custom Furniture"
Luxe Interiors Dubai,Business Bay,050 925 2340,https://wa.me/971509252340,https://www.luxeinteriorsdubai.com/,"Commercial, Full Renovation"
McKleenz Interior & Fit Out,Business Bay,056 133 3299,https://wa.me/971561333299,http://interiordesigncompany.ae/,"Commercial, Full Renovation"
Miracle Home Renovations,Business Bay,050 468 8565,https://wa.me/971504688565,https://www.miraclehomerenovations.com/,"Full Renovation, Villa Renovation"
Mizba Interiors - Design and fit out company in Dubai,Business Bay,054 338 6098,https://wa.me/971543386098,https://mizbainteriors.com/,"Commercial, Full Renovation"
Mura LLC - Interior Design Company Dubai,Business Bay,056 550 7775,https://wa.me/971565507775,https://www.mura.ae/,"Residential, Commercial"
Murshid Interiors - مرشد للتصميم الداخلي,Business Bay,052 109 9499,https://wa.me/971521099499,https://murshidinteriors.com/?utm_source=Google+my+business&utm_medium=google+ma,"Commercial, Full Renovation"
New Art Interior Design | Interior Design Company in Dubai |,Business Bay,050 142 2270,https://wa.me/971501422270,https://www.newartid.com/,"Commercial, Full Renovation"
Next Point Decoration Design & Fit-Out CO. L.L.C,Business Bay,052 718 7250,https://wa.me/971527187250,https://nextpointnp.com/,"Commercial, Full Renovation"
PURE DECOR ENTERPRISES LLC,Business Bay,04 285 7466,https://wa.me/97142857466,http://www.puredecor.ae/,Residential
Prime Logic Interior & Contracting L.L.C,Business Bay,056 855 6676,https://wa.me/971568556676,https://www.interiorworks.ae/,Full Renovation
SmartFixers,Business Bay,050 607 5600,https://wa.me/971506075600,https://thesmartfixers.com/,Villa Renovation
Social Safe Dubai,Business Bay,055 429 6339,https://wa.me/971554296339,https://socialsafedubai.com/,"Villa Renovation, Full Renovation"
Swiss Bureau Interior Design LLC,Business Bay,04 277 0402,https://wa.me/97142770402,http://www.sb-id.com/,Residential
TRI INTERIORS L.L.C,Business Bay,050 241 3303,https://wa.me/971502413303,https://www.triinteriors.com/,Residential
Texan Build & Design,Business Bay,050 404 1523,https://wa.me/971504041523,https://www.texan.ae/,Full Renovation
The One Design and Branding Services,Business Bay,052 425 1926,https://wa.me/971524251926,https://theonedesign.co/?utm_source=Google+My+Business&utm_medium=gmb&utm_id=MyB,Residential
Tricon Interiors - Interior Design Company Dubai,Business Bay,04 252 2782,https://wa.me/97142522782,http://www.triconid.com/,"Commercial, Full Renovation"
Tukmachi Interior Design,Business Bay,04 429 6027,https://wa.me/97144296027,http://www.tukmachigroup.com/,"Commercial, Full Renovation"
Upright interiors LLC,Business Bay,050 906 7319,https://wa.me/971509067319,https://uprightgroup.ae/,"Commercial, Full Renovation"
Urbane Design Interior Solutions LLC,Business Bay,055 886 4350,https://wa.me/971558864350,http://www.urbaneuae.com/,"Commercial, Full Renovation"
VISION DCS CONTRACTING,Business Bay,050 827 3911,https://wa.me/971508273911,https://www.visiondcs.com/,Full Renovation
Wavex Technical Services Dubai,Business Bay,050 725 0215,https://wa.me/971507250215,http://wavex.ae/,Full Renovation
Whitemonde Interior Designs and Fitouts,Business Bay,050 255 5786,https://wa.me/971502555786,https://www.whitemonde.com/,"Commercial, Full Renovation"
Yaser Fanari Interior and Fitout,Business Bay,04 580 1177,https://wa.me/97145801177,http://www.yaserfanari.com/,"Commercial, Full Renovation"
ZXI Interiors & Contracting LLC,Business Bay,056 549 9766,https://wa.me/971565499766,http://www.zxi.ae/,"Commercial, Full Renovation"
Zero Degree Interior and Fitout,Business Bay,056 463 8151,https://wa.me/971564638151,https://zerodegreeinterior.com/,"Commercial, Full Renovation"
Interior designer Dubai,Downtown Dubai,050 246 1461,https://wa.me/971502461461,http://www.bltsdxb.com/,Residential
Liger Interiors Co. LLC,Downtown Dubai,058 121 9359,https://wa.me/971581219359,http://www.ligerinteriors.com/,Residential
MODENESE Interior Design Dubai – Fit Out Contractor – Luxury,Downtown Dubai,055 382 7652,https://wa.me/971553827652,http://www.modeneseinteriors.com/,"Commercial, Full Renovation"
Marble Dream Interior Design,Downtown Dubai,058 540 8998,https://wa.me/971585408998,https://www.marble-dream.com/,"Commercial, Full Renovation"
Mouhajer International Design and Contracting,Downtown Dubai,04 431 8426,https://wa.me/97144318426,https://www.mahermouhajer.com/,"Commercial, Full Renovation"
Renovation Queens Technical Services L.L.C,Downtown Dubai,050 380 8489,https://wa.me/971503808489,https://www.renovationqueens.com/,"Full Renovation, Villa Renovation"
"Wonder creation - best interior company Dubai, Sharjah , Abu",Downtown Dubai,055 799 6787,https://wa.me/971557996787,https://wondercreations.ae/,"Villa Renovation, Commercial"
Almawjah Alhada Technical Services,Dubai Marina,050 302 4008,https://wa.me/971503024008,http://www.almawjahmaintenance.com/,Full Renovation
Arfaix Fitout & Interior Design,Dubai Marina,052 784 8579,https://wa.me/971527848579,https://arfaix.com/,"Commercial, Full Renovation"
Fix Technical Renovation Company,Dubai Marina,056 469 6327,https://wa.me/971564696327,https://fplus.interiorsfitout.com/,Full Renovation
Handyman Dubai,Dubai Marina,056 662 3611,https://wa.me/971566623611,https://www.handymanservicesdubai.com/,Full Renovation
Luxelle Interior design studio by Wafa Ghaoui,Dubai Marina,058 538 6166,https://wa.me/971585386166,https://www.luxelleinteriors.com/,Residential
RBIC Home Building Contracting LLC,Dubai Marina,04 335 5377,https://wa.me/97143355377,https://rbichome.com/,"Full Renovation, Villa Renovation"
Amico Design Company,JLT,052 281 4049,https://wa.me/971522814049,https://amicodesigncompany.com/,"Commercial, Full Renovation"
INNOVATIVE VISION TECHNICAL SERVICES L.L.C,JLT,055 551 7290,https://wa.me/971555517290,https://innovativevistech.com/,"Full Renovation, Villa Renovation"
Xena Interior Design,JLT,058 564 3700,https://wa.me/971585643700,https://xenainteriordesign.com/,Residential
Fitche | Fitout & Renovation,JVC,056 958 1400,https://wa.me/971569581400,https://fitche.ae/,"Commercial, Full Renovation"
Fixi,JVC,054 729 8600,https://wa.me/971547298600,https://fixi.ae/,"Full Renovation, Villa Renovation"
JAM Renovation Technical Services LLC. Bathroom Renovation D,JVC,055 167 5981,https://wa.me/971551675981,https://www.jamts.ae/,"Full Renovation, Villa Renovation"
Renoway - Interior Design & Renovation Company,JVC,058 668 0582,https://wa.me/971586680582,https://renoway.ae/,"Villa Renovation, Commercial"
We Shape Spaces LLC,JVC,056 355 2553,https://wa.me/971563552553,http://www.weshapespaces.com/,"Commercial, Full Renovation"
ARTIZAN INTERIOR DESIGN LLC,Al Barsha,056 366 0977,https://wa.me/971563660977,https://artizan.ae/,Residential
Ansora Construction and Design,Al Barsha,058 214 2545,https://wa.me/971582142545,http://ansora.ae/,Full Renovation
Argo Fitout Works,Al Barsha,058 175 2989,https://wa.me/971581752989,https://argomakers.com/,"Commercial, Full Renovation"
Aseel Renovation Technical Services L.L.C,Al Barsha,052 505 1828,https://wa.me/971525051828,https://aseelrenovation.com/,Full Renovation
Best Home Fixes,Al Barsha,056 630 7626,https://wa.me/971566307626,https://www.besthomefixes.com/,Full Renovation
Beyolity - Luxury Interior Design & Fit-Out Studio,Al Barsha,050 696 6997,https://wa.me/971506966997,https://www.beyolity.com/,"Commercial, Full Renovation"
Bishop Design LLC,Al Barsha,04 399 0271,https://wa.me/97143990271,http://www.wearebishopdesign.com/,"Commercial, Full Renovation"
Burj Al Wasl,Al Barsha,050 889 9723,https://wa.me/971508899723,https://www.burjalwasl.ae/,Villa Renovation
Classic Home Interior Decoration LLC,Al Barsha,04 396 6200,https://wa.me/97143966200,http://www.ranaalkassim.com/,"Commercial, Full Renovation"
Couture Luxury Interior Design LLC,Al Barsha,04 325 5546,https://wa.me/97143255546,https://coutureinterior.ae/,"Residential, Commercial"
Creative Home Building Contracting L.L.C,Al Barsha,052 639 4686,https://wa.me/971526394686,https://creativehome.ae/?utm_source=google&utm_medium=gmb&utm_campaign=profile&u,"Full Renovation, Villa Renovation"
Cyana Technical Services LLC,Al Barsha,050 872 6215,https://wa.me/971508726215,http://www.instagram.com/Cyana.ae,Full Renovation
DESIGN LINE PROJECT MANAGEMENT SERVICES,Al Barsha,050 181 4333,https://wa.me/971501814333,https://dld.ae/,Residential
Elementa Interior Design,Al Barsha,04 610 2504,https://wa.me/97146102504,https://www.elementainterior.com/,Residential
Elite Icon Building Contracting,Al Barsha,052 799 9741,https://wa.me/971527999741,https://www.eliteicon.ae/,Full Renovation
HMSD HandyMan Services Dubai,Al Barsha,052 908 3474,https://wa.me/971529083474,https://handyman-services-dubai.com/,Full Renovation
HOMD Home Maintenance Services Dubai,Al Barsha,052 769 2802,https://wa.me/971527692802,https://home-maintenance-dubai.com/,Full Renovation
Handyman Dubai AE,Al Barsha,055 455 0730,https://wa.me/971554550730,https://handymandubai.ae/,"Full Renovation, Villa Renovation"
Handyman Heroes Dubai,Al Barsha,058 626 1270,https://wa.me/971586261270,http://www.handymanheroesdubai.com/,Full Renovation
Handyman Services-DXB,Al Barsha,054 375 1940,https://wa.me/971543751940,https://handymanservices-dxb.com/,Full Renovation
Havelock One Interiors LLC,Al Barsha,04 567 7200,https://wa.me/97145677200,https://www.havelockone.com/,"Commercial, Full Renovation"
Hertas Fitout Technical Services LLC,Al Barsha,04 315 9963,https://wa.me/97143159963,https://hertasfitout.com/,"Commercial, Full Renovation"
Husnain Anwar Technical Services Renovation & Home Maintenan,Al Barsha,050 608 7851,https://wa.me/971506087851,https://husnainanwartechnicalservices.com/,Villa Renovation
Jamal Al Reem Building Maintenance & Technical Services Comp,Al Barsha,058 612 5333,https://wa.me/971586125333,https://jartech.ae/,Full Renovation
Just Spectrum - Home & Villa Renovation Expert in Dubai,Al Barsha,055 951 2784,https://wa.me/971559512784,https://www.justspectrum.ae/?utm_source=google_profile&utm_campaign=localo&utm_m,"Full Renovation, Villa Renovation"
Kian Design & Fit-out Company,Al Barsha,052 365 7381,https://wa.me/971523657381,http://www.kiandesign.ae/,"Commercial, Full Renovation"
Modern Space Building Contracting LLC,Al Barsha,054 387 7006,https://wa.me/971543877006,https://www.modernspace.ae/,Full Renovation
Msakin Technical Services,Al Barsha,052 625 0333,https://wa.me/971526250333,https://msakin.ae/,Residential
NK Baumeister Technical Services LLC,Al Barsha,056 707 7346,https://wa.me/971567077346,https://www.nkbaumeister.com/,"Full Renovation, Villa Renovation"
NOOR DESIGN GROUP,Al Barsha,050 400 7720,https://wa.me/971504007720,http://www.noor-design.com/,Residential
Point DOS interior design company,Al Barsha,054 238 9000,https://wa.me/971542389000,https://pointdos.com/,Residential
Pravarthi Building Contracting LLC,Al Barsha,04 454 2518,https://wa.me/97144542518,http://www.pravarthibuildings.com/,Full Renovation
Premier Heights Contracting LLC,Al Barsha,054 200 6210,https://wa.me/971542006210,https://premierheightsdubai.com/,Full Renovation
Premier class building contracting llc,Al Barsha,04 429 8512,https://wa.me/97144298512,https://premierclass.ae/,Full Renovation
Raj Core Cutting Services,Al Barsha,056 450 2644,https://wa.me/971564502644,https://rajcorecuttingservices.com/,Full Renovation
Renovatella Technical Service LLC,Al Barsha,052 843 9990,https://wa.me/971528439990,https://renovatella.ae/,"Full Renovation, Villa Renovation"
Service Pro UAE,Al Barsha,055 129 9465,https://wa.me/971551299465,https://www.servicepro.ae/,Full Renovation
Space Renovations,Al Barsha,050 313 8199,https://wa.me/971503138199,https://space-renovations.com/,Full Renovation
Spazio Interior Design,Al Barsha,04 399 0011,https://wa.me/97143990011,https://spazio.ae/,"Residential, Commercial"
SpeedoFix Handyman Services,Al Barsha,050 919 6764,https://wa.me/971509196764,https://www.speedofixerdubai.com/,Full Renovation
TRIPLE MAE INTERIOR DECORATION LLC,Al Barsha,052 740 8328,https://wa.me/971527408328,https://www.triplemaedubai.com/,Full Renovation
TwentyOne06 - Interior Architecture & Branding Studio in Dub,Al Barsha,04 554 8082,https://wa.me/97145548082,https://www.twentyone06.com/,Residential
Uno Home Building Contracting LLC,Al Barsha,050 399 6827,https://wa.me/971503996827,https://www.unobuildingcontracting.com/,"Full Renovation, Villa Renovation"
Veno Studio,Al Barsha,058 597 0236,https://wa.me/971585970236,http://venostudio.net/,Residential
"𝐅𝐚𝐣𝐫 𝐈𝐧𝐭𝐞𝐫𝐢𝐨𝐫𝐬 𝐋𝐋𝐂 - Home Interior Design | Office Fitout, L",Al Barsha,055 887 7852,https://wa.me/971558877852,https://fajrinteriors.com/?utm_source=GBP&utm_medium=Organic&utm_campaign=Google,"Villa Renovation, Commercial"
"AL KATHEEB Interior Fit out Design Company Dubai , Business ",Al Qusais,050 652 5822,https://wa.me/971506525822,https://alkatheebinteriors.com/,Residential
Al Shiba Carpentry & Fit-Out works,Al Qusais,055 553 3450,https://wa.me/971555533450,http://alshibacarpentry.com/,"Carpentry, Custom Furniture"
Ayesh Technical Services,Al Qusais,052 180 5760,https://wa.me/971521805760,https://ayeshtech.com/,"Carpentry, Custom Furniture"
Brick Design Technical Services LLC - Interior Fit Out Compa,Al Qusais,055 631 5449,https://wa.me/971556315449,http://www.brickdesignuae.com/,"Commercial, Full Renovation"
DanaNova Interio Design Works L.L.C,Al Qusais,052 102 2331,https://wa.me/971521022331,https://danawoodworks.ae/,"Carpentry, Custom Furniture"
Design Mart Interior Fit Out Company,Al Qusais,050 255 7404,https://wa.me/971502557404,https://www.designmart.ae/,"Commercial, Full Renovation"
Design Motives LLC | Leading Interior Fit Out Company in UAE,Al Qusais,04 553 1081,https://wa.me/97145531081,http://www.designmotives.ae/,"Commercial, Full Renovation"
Infinity turnkey interiors & fitout LLC,Al Qusais,055 424 2300,https://wa.me/971554242300,http://www.infinity-fitout.com/,"Commercial, Full Renovation"
MODULAR INTERIORS LLC,Al Qusais,04 399 1767,https://wa.me/97143991767,http://www.modularinteriorsuae.com/,Residential
Sadiq Abdul Karim Carpentry,Al Qusais,055 713 7575,https://wa.me/971557137575,http://www.sakcarpentry.com/,"Carpentry, Custom Furniture"
Team Fitout | Interior Company in Dubai,Al Qusais,056 219 9732,https://wa.me/971562199732,https://fitoutdubai.ae/,"Commercial, Full Renovation"
Blue Oak Contracting & Design LLC,Arjan,050 312 8107,https://wa.me/971503128107,http://www.blueoakuae.ae/,Villa Renovation
Villa 360 Contracting LLC,Arjan,058 668 9360,https://wa.me/971586689360,https://villa360.ae/,"Villa Renovation, Full Renovation"
Aura Interiors LLC,Bur Dubai,055 789 4612,https://wa.me/971557894612,http://aurainteriors.ae/,Residential
Measure Interiors - Turnkey Fitout Specialist,Bur Dubai,050 265 9845,https://wa.me/971502659845,https://www.measureinteriors.com/,"Commercial, Full Renovation"
Centrum Fitout Interiors LLC,DIFC,058 574 4911,https://wa.me/971585744911,http://www.centrumprojects.com/,"Commercial, Full Renovation"
ELVN Interiors,DIFC,058 884 3657,https://wa.me/971588843657,https://www.elvninteriors.com/,Full Renovation
Guy Carpenter (Middle East) Limited,DIFC,04 520 3999,https://wa.me/97145203999,http://www.guycarp.com/,"Carpentry, Custom Furniture"
INTERIORITALIA (Italian Interior Design Company in Dubai),DIFC,058 584 5776,https://wa.me/971585845776,https://interioritalia.ae/,"Commercial, Full Renovation"
Wahat Babil Contracting & Home Renovation,DIFC,050 676 7275,https://wa.me/971506767275,http://www.wahatbabil.com/,"Full Renovation, Villa Renovation"
AGT ADNAN GULFRAZ TECHNICAL SERVICES CO. L.L.C S.O.C,Deira,052 190 4223,https://wa.me/971521904223,https://adnangulfraztechservices.com/,"Commercial, Full Renovation"
AL FALAH CARPENTRY & DECOR,Deira,055 919 7277,https://wa.me/971559197277,http://www.am/alfalah.com,"Carpentry, Custom Furniture"
Agora Technical Services LLC,Deira,050 293 9470,https://wa.me/971502939470,http://www.agoratechnical.com/,Villa Renovation
Al zelzal Demolition Works L.L.C | Demolition Contractor Dub,Deira,056 780 0464,https://wa.me/971567800464,https://www.zelzaldemolition.com/,Villa Renovation
All Fix Renovation Dubai,Deira,056 578 9102,https://wa.me/971565789102,https://allfixrenovationdubai.com/,"Full Renovation, Villa Renovation"
Basat Anwer Technical Services L.L.C,Deira,052 405 2485,https://wa.me/971524052485,http://basatanwertech.com/,Villa Renovation
Bravacasa interior L.L.C,Deira,04 266 2448,https://wa.me/97142662448,http://www.bravacasadxb.com/,Residential
Build Craft Interior Fitout LLC | Dubai,Deira,052 963 2272,https://wa.me/971529632272,https://www.buildcraftinteriors.com/,"Commercial, Full Renovation"
Burhani Contracting Co. LLC - Building Contracting | Villa C,Deira,04 238 7752,https://wa.me/97142387752,https://burhanicontracting.com/,Villa Renovation
CREATIVE EFFECT INTERIOR DESIGN,Deira,054 446 5111,https://wa.me/971544465111,http://www.creativeeffect.me/,"Commercial, Full Renovation"
Casa Vogue Design LLC - Interior & Architectural designer,Deira,050 649 8146,https://wa.me/971506498146,https://casavogue.ae/,"Commercial, Full Renovation"
Charminar Contracting LLC - interior fit out services,Deira,056 705 4223,https://wa.me/971567054223,https://charminardubai.com/,Full Renovation
D Nest Interiors,Deira,056 526 4106,https://wa.me/971565264106,https://www.dnestinteriors.com/,"Commercial, Full Renovation"
DIBBA MANUAL CARPENTRY,Deira,052 654 0392,https://wa.me/971526540392,https://dibbamanualcarpentry.com/,"Carpentry, Custom Furniture"
Decorster,Deira,058 107 3639,https://wa.me/971581073639,https://decorster.com/,Residential
Egy Build Construction LLC | Best Construction Company in Du,Deira,04 297 6112,https://wa.me/97142976112,https://egybuild.ae/,Full Renovation
FUTURE CONTRACTING COMPANY LLC,Deira,04 266 4355,https://wa.me/97142664355,http://www.futurecontracting.ae/,Full Renovation
Himayat Alrabi Building Contracting LLC,Deira,050 179 8483,https://wa.me/971501798483,http://www.har.ae/,Villa Renovation
IDEA REALITY INTERIOR DECORATION LLC (IR Interior),Deira,056 840 3546,https://wa.me/971568403546,http://irinterior.com/,Residential
Jamal Obaid Building Contracting LLC,Deira,056 791 5998,https://wa.me/971567915998,https://jamalscontracting.com/,Full Renovation
KANNORA INTERIOR DESIGN & FIT OUT LLC,Deira,056 888 7272,https://wa.me/971568887272,http://kannorats.com/,"Commercial, Full Renovation"
Kas Interior Fitout,Deira,050 294 9759,https://wa.me/971502949759,https://kasinteriorfitout.com/,"Commercial, Full Renovation"
"Liberty Building Demolition LLC, Dubai شركة ليبرتي لهدم المب",Deira,052 736 5256,https://wa.me/971527365256,https://www.libertybuildingdemolition.com/,Full Renovation
Lines and Curves Global - Interior Design and Fit Out Compan,Deira,054 257 2526,https://wa.me/971542572526,https://linesandcurvesglobal.ae/,"Commercial, Full Renovation"
Masar Construction and Reconstruction LLC,Deira,054 762 4448,https://wa.me/971547624448,https://www.masargroups.com/,Full Renovation
"Orsu Demolition Works | Demolition Contractor Dubai, Sharjah",Deira,055 129 8179,https://wa.me/971551298179,https://orsudemolition.com/,Full Renovation
Prime Crew Technical Services LLC,Deira,054 300 3528,https://wa.me/971543003528,https://theprimecrew.com/,"Full Renovation, Villa Renovation"
Rashid Bin Bishr Contracting L.L.C.,Deira,04 255 6679,https://wa.me/97142556679,http://www.rbbcontracting.ae/,Full Renovation
Retouche Hub Decor L.L.C - Interior Design & Fit Out Company,Deira,056 403 9544,https://wa.me/971564039544,https://retouche-hub-decor.com/,Residential
RisingPrime Interiors,Deira,052 821 3459,https://wa.me/971528213459,https://www.risingprime.ae/,"Commercial, Full Renovation"
Rokn Al Tawoos Technical Services LLC,Deira,056 739 7170,https://wa.me/971567397170,https://craft-trust-dubai.lovable.app/,"Carpentry, Custom Furniture"
Royal saw carpentry,Deira,050 219 8948,https://wa.me/971502198948,https://wa.me/971502198948,"Carpentry, Custom Furniture"
SOA CARPENTRY,Deira,052 206 0063,https://wa.me/971522060063,https://www.soacarpentry.com/,"Carpentry, Custom Furniture"
STRUCTIVE TECHNICAL SERVICES CO. L.L.C,Deira,052 557 0407,https://wa.me/971525570407,https://stsllcae.com/,Villa Renovation
Sfwan Ahmad Building Contracting L.L.C,Deira,055 634 1755,https://wa.me/971556341755,https://sabuildingcontracting.com/,Full Renovation
Space Built Contracting LLC,Deira,056 261 2377,https://wa.me/971562612377,https://spacebuiltme.com/,"Full Renovation, Villa Renovation"
Spazio Interiors LLC Dubai,Deira,055 955 9971,https://wa.me/971559559971,http://www.spaziodubai.com/,"Commercial, Full Renovation"
Stamp Technical Services LLC,Deira,055 456 7528,https://wa.me/971554567528,https://www.bathroomrenovationdubai.com/,Full Renovation
Superior Design Technical Services | Handyman Dubai,Deira,054 301 8183,https://wa.me/971543018183,https://superiordesigntechnicalservices.com/,"Commercial, Full Renovation"
The Carpenter Dubai,Deira,055 485 2036,https://wa.me/971554852036,http://www.thedubaicarpenter.com/,"Carpentry, Custom Furniture"
UAE Interior Design- Glass Partition Dubai,Deira,056 708 6237,https://wa.me/971567086237,https://www.uaeinteriordesign.com/,"Commercial, Full Renovation"
WA International,Deira,04 266 3050,https://wa.me/97142663050,https://www.wa-international.com/,Residential
al sahm interior design,Deira,055 443 2275,https://wa.me/971554432275,http://alsahmdecorationdesign.ae/,Residential
kubik interior design,Deira,056 132 9607,https://wa.me/971561329607,https://kubikinteriordesign.com/,"Commercial, Full Renovation"
"#1 Kitchen & Bathroom Remodeling Company in Dubai | German, ",Dubai,04 576 4778,https://wa.me/97145764778,https://www.mokka.ae/,Full Renovation
1 Villa panting services Dubai,Dubai,056 396 3536,https://wa.me/971563963536,https://villapaintingservicesdubai.ae/,Villa Renovation
A&T Group Interiors,Dubai,04 396 4121,https://wa.me/97143964121,https://www.atginteriors.com/,"Commercial, Full Renovation"
ANA Interiors,Dubai,055 120 0226,https://wa.me/971551200226,https://anainteriors.ae/,Residential
ARMANDO INTERIOR DESIGN,Dubai,04 569 3114,https://wa.me/97145693114,http://www.armandointerior.com/,"Commercial, Full Renovation"
"Abrar Infra Building Contracting LLC Company in Dubai, UAE",Dubai,04 552 7786,https://wa.me/97145527786,https://abrarme.com/uae/?utm_source=Google&utm_medium=GMB,Full Renovation
Abu Ali Carpentry and Decor LLC,Dubai,050 452 5051,https://wa.me/971504525051,http://www.abualicd.com/,"Carpentry, Custom Furniture"
Accouter - Interior Design Company in Dubai,Dubai,055 157 7400,https://wa.me/971551577400,https://accouterdesign.com/best-interior-design-companies-dubai?utm_source=Local,Residential
Adnan Ali Home Maintenance and Renovation services,Dubai,050 787 2471,https://wa.me/971507872471,https://adnanalitechnical.ae/,Full Renovation
Al Austath Carpentry,Dubai,050 866 3450,https://wa.me/971508663450,http://www.alaustathcarpentry.com/,"Carpentry, Custom Furniture"
Al Bader Interiors | Fit-Out Company - Motor City | Dubai,Dubai,04 323 7855,https://wa.me/97143237855,https://albaderllc.com/,"Commercial, Full Renovation"
Al Faan Al Raqi- Best Carpentry & joinery Services,Dubai,058 590 5841,https://wa.me/971585905841,https://www.alfaanalraqi.com/,"Carpentry, Custom Furniture"
Al Hadeeqa Contracting Co LLC,Dubai,054 441 9854,https://wa.me/971544419854,https://alhadeeqacontracting.com/,Villa Renovation
Al Qouz Sun Carpentry & Flooring L.L.C,Dubai,050 256 0705,https://wa.me/971502560705,http://www.alqouzsun.com/,"Carpentry, Custom Furniture"
Al Wasan Contracting LLC,Dubai,04 255 6676,https://wa.me/97142556676,http://www.loyalgroup.ae/,Villa Renovation
Al Zad Carpentry.L.L.C,Dubai,055 557 5101,https://wa.me/971555575101,https://alzadcarpentry.com/,"Carpentry, Custom Furniture"
Al Zaher Interiors,Dubai,052 223 6108,https://wa.me/971522236108,https://alzaher.ae/,Residential
Alchemist Technical Services Co. L.L.C.,Dubai,058 578 3373,https://wa.me/971585783373,https://alchemist.ae/,"Carpentry, Custom Furniture"
Algebra Contracting LLC 800-INTERIOR,Dubai,04 883 7300,https://wa.me/97148837300,https://algebra-contracting.com/,"Full Renovation, Commercial"
Almrooj Building Contracting and Demolition company,Dubai,052 200 0704,https://wa.me/971522000704,https://almrooj.ae/,Full Renovation
"Alpha Maintenance & Renovation – Maintenance, Fit-out, Handy",Dubai,050 500 5691,https://wa.me/971505005691,http://alphamaintenance.ae/,"Full Renovation, Villa Renovation"
Alpha Star Wood Joinery LLC,Dubai,04 340 0214,https://wa.me/97143400214,http://www.alphastar-woodjoinery.com/En/Contactus.aspx,"Carpentry, Custom Furniture"
Appello Interiors LLC | Interior Fit Out Companies in Dubai ,Dubai,052 447 4455,https://wa.me/971524474455,https://www.appellointeriors.com/?utm_source=Google&utm_medium=GMB&utm_campaign=,"Commercial, Full Renovation"
Architeriors Interior Design & Fitout,Dubai,04 585 0745,https://wa.me/97145850745,https://www.architeriorsdesign.com/,"Commercial, Full Renovation"
Artefirma Interior Design Consultancy & Contracting,Dubai,04 321 2212,https://wa.me/97143212212,http://www.artefirma.net/,"Commercial, Full Renovation"
Atwaar Decoration Design LLC,Dubai,050 977 7891,https://wa.me/971509777891,https://www.atwaardesign.ae/,Residential
BASE GENERAL CONTRACTING COMPANY LLC,Dubai,04 227 2268,https://wa.me/97142272268,http://www.basegc.com/,Full Renovation
BG Villas,Dubai,800 310,https://wa.me/971800310,https://www.bgvillas.ae/,Villa Renovation
BLAK Creative Studio | Interior Design - Dubai,Dubai,056 415 3334,https://wa.me/971564153334,http://blakinteriors.com/,Residential
BRS Group | BRS PROJECT MANAGEMENT L.L.C,Dubai,04 608 6468,https://wa.me/97146086468,https://brs-group.ae/,Villa Renovation
Belhasa Interiors,Dubai,04 557 5508,https://wa.me/97145575508,http://www.belhasainteriors.com/,"Commercial, Full Renovation"
Bespoke Joinery Manufacturing,Dubai,056 520 9483,https://wa.me/971565209483,https://bespokejoinery.ae/,"Carpentry, Custom Furniture"
Best Interior Fit out Dubai,Dubai,050 991 2095,https://wa.me/971509912095,http://www.skycastleinteriors.com/,"Commercial, Full Renovation"
Bin Salem Design,Dubai,050 889 3300,https://wa.me/971508893300,https://www.binsalemdesign.com/,Residential
Biverse Turnkey Services LLC,Dubai,050 759 9832,https://wa.me/971507599832,https://biverse.ae/,"Commercial, Full Renovation"
Blanco Interior Design,Dubai,800 252626,https://wa.me/971800252626,http://www.blancoid.com/,Residential
Blueprint Experts Technical Services L.L.C – Interior Fit Ou,Dubai,054 706 9777,https://wa.me/971547069777,https://blueprintexperts.ae/,"Commercial, Full Renovation"
BuildWise,Dubai,056 450 9846,https://wa.me/971564509846,https://buildwise.ae/,Full Renovation
Cardoso Engineering,Dubai,055 931 4593,https://wa.me/971559314593,https://cardoso.ae/,Villa Renovation
Carpenter And Maintenance,Dubai,052 202 6751,https://wa.me/971522026751,http://dubaicarpentry.com/,"Carpentry, Custom Furniture"
City Globe Services,Dubai,052 221 7085,https://wa.me/971522217085,https://cityglobeservices.com/,"Carpentry, Custom Furniture"
Contractors Direct,Dubai,04 572 4175,https://wa.me/97145724175,https://contractors.direct/,"Full Renovation, Commercial"
Contractors UAE,Dubai,055 123 9095,https://wa.me/971551239095,https://www.contractorsuae.com/,"Full Renovation, Villa Renovation"
Creative Shelf LLC,Dubai,04 258 8826,https://wa.me/97142588826,https://creativeshelf.ae/,"Residential, Commercial"
DEKVON BUILDING CONTRACTING LLC,Dubai,050 463 9770,https://wa.me/971504639770,https://dekvon.com/,Villa Renovation
DESIGN DIVINE INTERIOR FITOUT LLC,Dubai,055 507 4745,https://wa.me/971555074745,https://www.designdivine.ae/,"Commercial, Full Renovation"
DNL Elements,Dubai,056 509 6074,https://wa.me/971565096074,https://dnlinteriors.com/,"Commercial, Full Renovation"
DRB Interiors - Interior Design Company in Dubai | Office| R,Dubai,04 454 2953,https://wa.me/97144542953,https://drbinteriors.ae/,Residential
DST Interiors & Fit Out Services in Dubai,Dubai,800 3789,https://wa.me/9718003789,https://dstw.ae/,"Commercial, Full Renovation"
Dar Alrayan Joinery and Decor,Dubai,055 290 2288,https://wa.me/971552902288,http://www.rayandecor.com/,"Carpentry, Custom Furniture"
Davis Interior Design,Dubai,050 889 9661,https://wa.me/971508899661,https://davisinterior.com/,"Commercial, Full Renovation"
Daym Concept L.L.C - Architecture & Interior Design Studio,Dubai,052 878 4569,https://wa.me/971528784569,https://www.daymconcept.com/,Residential
Decor N More LLC,Dubai,056 644 5055,https://wa.me/971566445055,https://www.dnmuae.com/,"Residential, Commercial"
Delight E S D S,Dubai,050 191 7060,https://wa.me/971501917060,https://www.delightesds.net/,Villa Renovation
Design Club LLC,Dubai,04 398 1011,https://wa.me/97143981011,https://designclub.ae/,"Residential, Commercial"
Design Design LLC.,Dubai,04 333 7745,https://wa.me/97143337745,http://www.designdesignllc.com/,Residential
Design Infinity,Dubai,04 379 5902,https://wa.me/97143795902,http://www.design-infinity.com/,Residential
Design in Frame Interior Architecture Studio,Dubai,054 493 4529,https://wa.me/971544934529,http://www.designinframestudio.com/,Residential
Dreams Team Interior Design and Fit-Out LLC Dubai,Dubai,050 564 7756,https://wa.me/971505647756,http://www.dtinterior.ae/,"Residential, Commercial"
Dreamscape Renovations LLC,Dubai,056 713 7865,https://wa.me/971567137865,https://www.dreamscaperenovations.ae/,"Villa Renovation, Full Renovation"
Dubai Carpentry,Dubai,050 899 6379,https://wa.me/971508996379,https://dubaicarpentry.ae/,"Carpentry, Custom Furniture"
Dubai Carpentry And Maintenance,Dubai,052 202 6751,https://wa.me/971522026751,https://www.instagram.com/carpenter_and_mentainance,"Carpentry, Custom Furniture"
Dufit Interiors LLC,Dubai,04 554 4473,https://wa.me/97145544473,https://dufit.co/?utm_source=google&utm_medium=organic&utm_campaign=gbp&utm_id=G,"Commercial, Full Renovation"
ETS Home Renovation |Best renovation company Dubai |Apartmen,Dubai,052 959 6277,https://wa.me/971529596277,https://etsrenovation.com/,"Full Renovation, Villa Renovation"
Euphoria Interiors - Interior design company in dubai,Dubai,04 490 2119,https://wa.me/97144902119,https://www.euphoriainteriors.com/,"Residential, Commercial"
Euphoria Interiors - Interior design firm Dubai,Dubai,04 490 2111,https://wa.me/97144902111,https://www.euphoriainteriors.com/,Residential
Evo Maintenance Service,Dubai,056 273 0931,https://wa.me/971562730931,https://evomaintenanceservice.com/,"Full Renovation, Villa Renovation"
Experts villa panting service in ae,Dubai,052 196 0765,https://wa.me/971521960765,https://villapaintingservicedubai.com/,Villa Renovation
FD Studioz Architecture and Interior Design,Dubai,050 269 8279,https://wa.me/971502698279,http://www.fdstudioz.com/,"Residential, Commercial"
FK Interior Fitout,Dubai,056 197 6890,https://wa.me/971561976890,http://fkinteriorfitout.com/,"Commercial, Full Renovation"
Fahtima Interior,Dubai,056 675 3004,https://wa.me/971566753004,https://fahtimainterior.com/,"Residential, Commercial"
Fast Secure Technical Services,Dubai,056 699 5575,https://wa.me/971566995575,http://www.fastsecure.ae/,"Full Renovation, Villa Renovation"
Fit Out Contractors,Dubai,054 493 3705,https://wa.me/971544933705,https://www.fitoutcontractor.ae/,"Commercial, Full Renovation"
Fit Out Heroes,Dubai,04 225 6395,https://wa.me/97142256395,http://www.fitoutheroes.ae/,"Commercial, Full Renovation"
Fit out,Dubai,04 358 5288,https://wa.me/97143585288,http://www.fit-out.ae/?utm_source=GMB%20Listing&utm_medium=Local%20SEO,"Commercial, Full Renovation"
Fitout & Renovation | M&A Technical & Contracting company,Dubai,058 530 0230,https://wa.me/971585300230,https://fitoutcompany.ae/,"Full Renovation, Villa Renovation"
Fitout House | Villa Renovation/Construction Contractors,Dubai,058 168 6677,https://wa.me/971581686677,https://fitouthouse.com/,Villa Renovation
Fitout International|Interior Design Services in UAE,Dubai,04 834 7283,https://wa.me/97148347283,https://www.fitoutinteriordesigns.com/,"Commercial, Full Renovation"
Fitout Tales Interior Design & Build,Dubai,058 180 7433,https://wa.me/971581807433,https://www.fitouttales.com/,"Commercial, Full Renovation"
FixWell Technical Services LLC,Dubai,055 524 4076,https://wa.me/971555244076,https://fixwell.ae/,"Full Renovation, Villa Renovation"
Fixation Hub| Maintainence company in Dubai,Dubai,052 796 9030,https://wa.me/971527969030,https://fixationhub.ae/,Villa Renovation
Fixup - Home | Villa Renovation & Maintenance services in UA,Dubai,056 957 5656,https://wa.me/971569575656,https://fixup.ae/?utm_source=google&utm_medium=gbp,Villa Renovation
GDM Interiors - Interior Fitout & Joinery Company in Dubai,Dubai,055 463 5000,https://wa.me/971554635000,https://www.gdminteriors.com/,"Commercial, Full Renovation"
Grand Builder Dubai,Dubai,056 655 5507,https://wa.me/971566555507,https://grand-builder.com/,Full Renovation
Grand Space Interiors LLC,Dubai,04 294 7729,https://wa.me/97142947729,http://gsiae.com/,"Commercial, Full Renovation"
HALO Interiors LLC,Dubai,055 370 0002,https://wa.me/971553700002,http://halo.ae/,"Commercial, Full Renovation"
Haifa RENOV8 - Interior & Renovation Company In Dubai,Dubai,050 847 9303,https://wa.me/971508479303,https://haifarenov8.ae/,"Full Renovation, Villa Renovation"
Hands and Brain Interior Design LLC,Dubai,055 981 5911,https://wa.me/971559815911,http://www.hnbinteriors.com/,"Commercial, Full Renovation"
Handyman Expert Dubai | Assembly Services,Dubai,058 136 8989,https://wa.me/971581368989,https://handymanexpertsdubai.com/,"Carpentry, Custom Furniture"
Haneef Carpentry,Dubai,050 774 4739,https://wa.me/971507744739,http://www.haneefcarpentry.com/,"Carpentry, Custom Furniture"
Hassan Muhammad carpentry,Dubai,056 136 3888,https://wa.me/971561363888,http://hassanalmazmmi786.wixsite.com/1234,"Carpentry, Custom Furniture"
Hausfit,Dubai,052 262 6899,https://wa.me/971522626899,https://hausfits.ae/,"Full Renovation, Villa Renovation"
Home Maintenance Experts Dubai | AC Repair | Plumbing | Hand,Dubai,055 475 3102,https://wa.me/971554753102,http://homeexperts.ae/,Villa Renovation
Home Maintenance Services in dubai Marina | Villa Renovation,Dubai,052 460 8747,https://wa.me/971524608747,https://www.diamondhomedxb.com/,Villa Renovation
Home renovation dubai,Dubai,055 833 0586,https://wa.me/971558330586,https://apartmentrenovationdubai.com/,"Full Renovation, Villa Renovation"
ID&C DMCC,Dubai,055 996 5252,https://wa.me/971559965252,http://idc-int.com/,Residential
IDX INTERIOR DECORATION LLC,Dubai,04 591 8317,https://wa.me/97145918317,http://www.idxperts.com/,Residential
Immersion Interior Design LLC,Dubai,04 328 5200,https://wa.me/97143285200,https://immersiondesigns.com/,"Commercial, Full Renovation"
Interior Company,Dubai,04 258 8826,https://wa.me/97142588826,https://www.interiorcompany.ae/,"Residential, Commercial"
"Interior Company Design Studio, Dubai",Dubai,050 128 9712,https://wa.me/971501289712,https://www.interiorcompany.com/dubai,"Residential, Commercial"
Interior Design Company Dubai,Dubai,055 236 9138,https://wa.me/971552369138,http://ecdesignfirm.com/,"Commercial, Full Renovation"
Interior Design Company Dubai - WeDo Interior Design & Fit o,Dubai,058 807 5603,https://wa.me/971588075603,https://wedointerior.ae/,"Commercial, Full Renovation"
Interior Design Company Sharjah - Rady Interior & Fit Out,Dubai,050 818 1824,https://wa.me/971508181824,https://radyinterior.ae/,Residential
JAAN CONTRACTING & INTERIORS L.L.C,Dubai,04 557 8592,https://wa.me/97145578592,http://www.jaancontracting.com/,"Full Renovation, Villa Renovation"
JDV - Joie De Vivre Interior Design | Fit-Out | Architecture,Dubai,055 407 3275,https://wa.me/971554073275,https://jdv.ae/,Residential
JMS Renovations LLC,Dubai,04 445 8541,https://wa.me/97144458541,http://jmsrenovations.com/,"Full Renovation, Villa Renovation"
Janat Office Fit Out,Dubai,04 430 8500,https://wa.me/97144308500,https://www.janatofficefitout.com/,"Commercial, Full Renovation"
Jenmars Group LLC,Dubai,04 338 4815,https://wa.me/97143384815,http://www.jenmarsgroup.com/,"Carpentry, Custom Furniture"
Joinery Home Carpentry & Flooring Contracting LLC,Dubai,055 883 2231,https://wa.me/971558832231,https://www.joineryhomedxb.com/,"Carpentry, Custom Furniture"
"KYRIOS VILLA RENOVATIONS, EXTENSIONS AND INTERIOR WORKS SERV",Dubai,052 525 0234,https://wa.me/971525250234,http://www.kyrios.ae/,Villa Renovation
Karigar Interior Decoration LLC,Dubai,04 347 8365,https://wa.me/97143478365,https://karigar.ae/,"Carpentry, Custom Furniture"
Kaswan Technical Services LLC,Dubai,056 802 2368,https://wa.me/971568022368,https://kaswantechnical.com/,"Full Renovation, Villa Renovation"
Kayan Al Zaman Building Contracting LLC Dubai,Dubai,054 796 9121,https://wa.me/971547969121,https://www.kayanalzaman.com/,"Villa Renovation, Full Renovation"
Known l Interior Design Company Dubai,Dubai,056 477 1000,https://wa.me/971564771000,https://knowndesign.me/,Residential
LCD Interior LLC,Dubai,050 930 5316,https://wa.me/971509305316,https://luxurycreativedesign.com/,"Commercial, Full Renovation"
Lakeyard Interior Designer & Fitouts,Dubai,04 370 2003,https://wa.me/97143702003,https://lakeyardinteriors.ae/,"Commercial, Full Renovation"
Lasani Carpentry,Dubai,055 829 8541,https://wa.me/971558298541,https://lasanicarpentry.com/,"Carpentry, Custom Furniture"
Level On Renovations Technical Services L.L.C,Dubai,055 677 8984,https://wa.me/971556778984,https://www.levelondubai.ae/,Full Renovation
LiVi Construction,Dubai,04 276 0873,https://wa.me/97142760873,http://liviuae.com/,Full Renovation
Lucera Designo Dubai,Dubai,055 145 5606,https://wa.me/971551455606,https://luceradesigno.com/,Residential
Lux Renov8,Dubai,052 830 8245,https://wa.me/971528308245,https://luxrenov8.ae/,"Full Renovation, Villa Renovation"
Luxedesign Villas,Dubai,04 352 2142,https://wa.me/97143522142,https://www.luxedesign.ae/,Villa Renovation
Luxenium technical services LLC Dubai,Dubai,058 887 9157,https://wa.me/971588879157,https://www.lexaniumtechnicalservicesllc.com/,Full Renovation
M Corp Interiors | Villa Renovation Company in Dubai | Inter,Dubai,055 156 1373,https://wa.me/971551561373,https://mcorp-interiors.com/,Villa Renovation
M&A interior Design | Fit out company,Dubai,058 533 5008,https://wa.me/971585335008,https://interior-renovation.com/,"Commercial, Full Renovation"
MACS Renovation & AC Solutions,Dubai,050 339 2064,https://wa.me/971503392064,https://macs.ae/,"Full Renovation, Villa Renovation"
MD DECOR- Interior Fitout Company in Sharjah,Dubai,056 669 9114,https://wa.me/971566699114,http://www.mddecoruae.com/,"Commercial, Full Renovation"
MD Design & Fitout - Best Fit Out Company,Dubai,052 738 7935,https://wa.me/971527387935,https://www.mdfitout.com/,"Commercial, Full Renovation"
MNC CARPENTERY SERVICES,Dubai,055 260 5439,https://wa.me/971552605439,https://mnccarpentry.ae/,"Carpentry, Custom Furniture"
"Maher contracting, Renovation and maintenance company ithra ",Dubai,056 231 3262,https://wa.me/971562313262,https://websites.godaddy.com/en-AE/editor/54f138f8-a844-4acc-b8fc-6f4947d18f8a/9,Full Renovation
"Mark Fit out Contractors, Interior Fit-Out Company, Interior",Dubai,056 459 9663,https://wa.me/971564599663,https://markfitout.com/,"Commercial, Full Renovation"
Melvin Painting Contracting LLC | AC Repair & Maintenance,Dubai,050 770 7197,https://wa.me/971507707197,https://mpcllc.ae/hvac-cooling-services/,Villa Renovation
Meter Square Interiors LLC - Interior Design Company in Duba,Dubai,050 108 0853,https://wa.me/971501080853,http://www.metersquare.com/,Residential
Mr Fixer Home Maintenance,Dubai,800 34937,https://wa.me/97180034937,https://mrfixer.ae/,Full Renovation
NORTH STAR Joinery & Interiors,Dubai,052 136 4540,https://wa.me/971521364540,https://northstargcc.com/,"Carpentry, Custom Furniture"
Nael Construction and Contracting L L C,Dubai,04 394 1953,https://wa.me/97143941953,https://nbhh.ae/group-divisions/nael-construction-contracting/,Full Renovation
Nawaz Carpentry Service,Dubai,058 840 2291,https://wa.me/971588402291,https://nawazcarpentryservices.com/,"Carpentry, Custom Furniture"
Nice Renovation,Dubai,052 744 5326,https://wa.me/971527445326,https://nicerenovation.ae/,Villa Renovation
ORRO INTERIORS | Interior Fitout Contractor in UAE,Dubai,04 265 4444,https://wa.me/97142654444,http://www.orrointeriors.com/,"Commercial, Full Renovation"
Origa Design – Interior Design Company in Dubai,Dubai,052 797 6221,https://wa.me/971527976221,http://www.origadesign.com/,Residential
POINT TO POINT TECHNICAL SERVICES,Dubai,056 568 0030,https://wa.me/971565680030,https://point2pointtechservices.com/,Full Renovation
PPK Contracting - Commercial and Residential Maintenance Ser,Dubai,058 550 0956,https://wa.me/971585500956,https://ppkcontracting.com/,Full Renovation
PRIME HOME RENOVATIONS LLC,Dubai,050 702 0491,https://wa.me/971507020491,http://primehomedxb.com/,"Full Renovation, Villa Renovation"
Palladian Contracting LLC - Fitout and Construction Company ,Dubai,058 582 2193,https://wa.me/971585822193,https://www.palladianuae.com/,"Full Renovation, Villa Renovation"
Prestige Renovation,Dubai,052 625 3434,https://wa.me/971526253434,https://prestige-renovation.ae/,Full Renovation
Prime Fix Renovation,Dubai,052 939 0430,https://wa.me/971529390430,https://primefixrenovation.site/,"Villa Renovation, Full Renovation"
Prime Rock Contracting LLC,Dubai,050 981 6325,https://wa.me/971509816325,https://primerockcontracting.ae/,"Villa Renovation, Full Renovation"
Pro Eagle Carpentry,Dubai,055 894 5221,https://wa.me/971558945221,https://proeaglecarpentry.ae/,"Carpentry, Custom Furniture"
Property Renovation Building Contracting LLC,Dubai,056 976 9820,https://wa.me/971569769820,https://prbc.ae/,"Full Renovation, Villa Renovation"
Purewood Interiors LLC,Dubai,050 217 3193,https://wa.me/971502173193,https://www.purewoodinterior.com/,Villa Renovation
RECTANGLE INTERIORS “AWARD WINNING DESIGN STUDIO”,Dubai,050 535 7999,https://wa.me/971505357999,https://rectangleinterior.com/,"Commercial, Full Renovation"
ROYAL AMBIANCE Building contracting LLC | Best Design and Fi,Dubai,050 304 3366,https://wa.me/971503043366,http://www.royalambiance.ae/,Residential
Ray Fitout Architecture & Interiors,Dubai,800 72943,https://wa.me/97180072943,https://www.rayfitout.com/,"Commercial, Full Renovation"
Renovation Company in Dubai,Dubai,050 710 4156,https://wa.me/971507104156,https://renovationcompanyindubai.com/,"Full Renovation, Villa Renovation"
Renovation Experts Building Contracting LLC,Dubai,056 466 7068,https://wa.me/971564667068,https://renovationexperts.ae/,"Villa Renovation, Full Renovation"
River Island Interior Decoration LLC,Dubai,04 256 3080,https://wa.me/97142563080,http://riverislandinterior.ae/,Residential
Royal Carpentry Services,Dubai,052 762 0503,https://wa.me/971527620503,https://6a1223330271c4fe597491d1--shiny-pika-008542.netlify.app/,"Carpentry, Custom Furniture"
Royal Fitout & Interior Design Dubai,Dubai,056 855 9862,https://wa.me/971568559862,http://royalfitoutdubai.com/,"Commercial, Full Renovation"
Royal Fitout Decoration Design Dubai,Dubai,058 514 5300,https://wa.me/971585145300,https://www.royalfitout.com/,"Commercial, Full Renovation"
Rym Turki Interior Design FZE,Dubai,050 306 3438,https://wa.me/971503063438,https://rymturkidesign.com/,Residential
SAA Line Interior Decoration LLC | Fit‑Outs & Renovation,Dubai,055 560 8282,https://wa.me/971555608282,https://saalinedecor.ae/,"Commercial, Full Renovation"
SANDBOX DECORATION DESIGN & FIT-OUT CO. L.L.C,Dubai,058 654 9911,https://wa.me/971586549911,https://sandboxinterior.com/,Residential
SDA INTERIOR DESIGN LLC,Dubai,052 434 9169,https://wa.me/971524349169,http://www.sda-world.com/,Residential
SKC Wood Works Dubai,Dubai,058 566 5392,https://wa.me/971585665392,https://www.skcwoodworks.com/,"Carpentry, Custom Furniture"
SMC CARPENTRY & INTERIORS,Dubai,056 291 1712,https://wa.me/971562911712,http://www.samiramohdcarpentry.com/,"Carpentry, Custom Furniture"
STELLAR FIT INTERIOR DECORATION L.L.C,Dubai,058 680 0265,https://wa.me/971586800265,https://www.stellarfitint.com/,"Commercial, Full Renovation"
"STS LLC (Carpentry, joinery)",Dubai,058 620 4109,https://wa.me/971586204109,http://www.shivlaljoinery.com/,"Carpentry, Custom Furniture"
SYED Contracting LLC - Head Office,Dubai,04 267 7657,https://wa.me/97142677657,https://syedcontracting.com/,Full Renovation
Sagaways technical services LLC,Dubai,054 250 0879,https://wa.me/971542500879,https://sagaways.org/,Full Renovation
Samira Carpentry (BRANCH),Dubai,055 890 6888,https://wa.me/971558906888,https://carpenternearme.ae/,"Carpentry, Custom Furniture"
Serendipity By Design LLC,Dubai,04 559 5427,https://wa.me/97145595427,http://www.serendipity.ae/,Residential
Shahbaz Maqsood Technical Services LLC,Dubai,056 850 3837,https://wa.me/971568503837,https://shahbaztechnicalservices.com/,Villa Renovation
Sky City Building Contracting L.L.C,Dubai,04 570 9808,https://wa.me/97145709808,http://www.skycitydubai.com/,Full Renovation
Slate Stone Interiors,Dubai,050 107 2503,https://wa.me/971501072503,http://slateinteriorsme.com/,"Commercial, Full Renovation"
Smart Renovation,Dubai,056 799 0448,https://wa.me/971567990448,https://www.smartrenovation.ae/?utm_source=Google&utm_medium=Maps,"Full Renovation, Villa Renovation"
Studio Seg,Dubai,056 329 6902,https://wa.me/971563296902,https://studioseg.me/?utm_source=Organic+&utm_medium=GMB+&utm_id=Google+,Residential
Syed Murad Technical Contracting Co.L.L.C,Dubai,050 323 6919,https://wa.me/971503236919,https://www.smcontractor.com/,Full Renovation
THE CODE FOR DECORATION DESIGN & FIT OUT L.L.C,Dubai,04 448 8516,https://wa.me/97144488516,https://thecodeft.com/,"Commercial, Full Renovation"
Tan brown interiors,Dubai,056 245 8651,https://wa.me/971562458651,http://www.tanbrowninteriors.com/,"Commercial, Full Renovation"
Teal Design Studio,Dubai,058 599 2999,https://wa.me/971585992999,https://www.teal-design.ae/,Residential
The Eurodar,Dubai,058 560 6508,https://wa.me/971585606508,http://www.eurodar.com/,"Full Renovation, Villa Renovation"
Trig Interior Design,Dubai,04 430 4893,https://wa.me/97144304893,https://www.triginteriordesign.com/,Residential
TrueFixUAE,Dubai,054 716 0648,https://wa.me/971547160648,https://truefixuae.ae/,Full Renovation
UAE Renovation,Dubai,050 475 8072,https://wa.me/971504758072,https://fixithome.ae/,Villa Renovation
USBC Interiors | Urban Science - Interior Fit out Company in,Dubai,04 552 5858,https://wa.me/97145525858,https://www.usbcinteriors.com/,"Commercial, Full Renovation"
"Urban Structure: Expert Villa Construction, Renovation, Main",Dubai,054 219 1914,https://wa.me/971542191914,https://theurbanstructures.com/,"Villa Renovation, Full Renovation"
VHC | Virtual Home Contracting LLC - Villa Construction & Re,Dubai,055 504 1924,https://wa.me/971555041924,https://vhc.ae/,"Villa Renovation, Full Renovation"
Vanola Interiors,Dubai,054 246 7703,https://wa.me/971542467703,https://vanola.ae/,"Commercial, Full Renovation"
Venus Joinery LLC,Dubai,052 966 2549,https://wa.me/971529662549,http://www.venusjoinery.com/,"Carpentry, Custom Furniture"
Vigilant Kitchens & Renovation,Dubai,04 263 5786,https://wa.me/97142635786,https://www.vigilantkitchens.com/,Full Renovation
Villa Painting Experts Dubai,Dubai,054 238 6986,https://wa.me/971542386986,https://villapaintingservice.com/,Villa Renovation
Villa Painting Services,Dubai,056 246 3213,https://wa.me/971562463213,https://villa-painting-380168.grexa.site/,Villa Renovation
Vision Three Technical Services LLC,Dubai,056 409 7428,https://wa.me/971564097428,https://visionthree.ae/,"Full Renovation, Carpentry"
Vouch Renovation Dubai,Dubai,04 572 3887,https://wa.me/97145723887,https://www.vouch.ae/,Full Renovation
Wall to Wall Interiors and Contracting LLC | Office & Interi,Dubai,054 319 5236,https://wa.me/971543195236,https://walltowalltech.com/,"Commercial, Full Renovation"
We Will Fix Now Property Maintenance,Dubai,056 632 6547,https://wa.me/971566326547,https://www.wewillfixnow.com/,"Villa Renovation, Full Renovation"
Whitebricks Interiors,Dubai,058 501 1555,https://wa.me/971585011555,https://www.whitebricks.ae/,"Commercial, Full Renovation"
Winteriors Decor LLC,Dubai,04 399 0226,https://wa.me/97143990226,https://www.winteriorsdecor.com/,"Commercial, Full Renovation"
"Wonderwall Contracting LLC I Luxury Villa Construction, Reno",Dubai,052 908 9067,https://wa.me/971529089067,https://wonderwall.ae/,"Residential, Villa Renovation"
WoodWorks Interior Fit Out Company,Dubai,056 181 0088,https://wa.me/971561810088,http://www.woodworks.ae/,"Commercial, Full Renovation"
World Design Team | Interior Design Company in Dubai | UAE,Dubai,04 876 9238,https://wa.me/97148769238,https://worldesignteam.com/,Residential
YP Interiors - Fitout Company and Interior Designer in Dubai,Dubai,058 587 4842,https://wa.me/971585874842,https://ypinteriors.ae/,"Commercial, Full Renovation"
home renovating & mantinance,Dubai,055 862 8661,https://wa.me/971558628661,https://homerenovatingandmaintenance.com/,Full Renovation
Alexander Titaua Interior Design,Dubai Design District,058 527 8045,https://wa.me/971585278045,https://www.alexandertitaua.com/,Residential
DZ Design,Dubai Design District,04 514 9045,https://wa.me/97145149045,http://www.dzdae.com/,Residential
Design Haus Medy‎,Dubai Design District,058 104 3868,https://wa.me/971581043868,http://dhmuae.com/,Residential
Design Nomad,Dubai Design District,050 495 9633,https://wa.me/971504959633,http://www.designnomad.studio/,Residential
Muse Interior Design,Dubai Design District,055 357 3290,https://wa.me/971553573290,https://musedesign.ae/,"Residential, Commercial"
ZADS | Zeina Interior,Dubai Design District,054 443 3536,https://wa.me/971544433536,http://www.zeinainterior.com/?1,Residential
AMH Interior Design L.L.C,Dubai Investment Park,056 574 4785,https://wa.me/971565744785,https://amh-interiordesign.ae/,"Residential, Commercial"
Al Onqood Joinery,Dubai Investment Park,04 347 2337,https://wa.me/97143472337,http://www.alonqood.com/,"Carpentry, Custom Furniture"
Blue Bolt Maintenance & Renovation Services in Dubai,Dubai Investment Park,056 444 4368,https://wa.me/971564444368,http://www.bluebolt.ae/,"Full Renovation, Villa Renovation"
Edition Living,Dubai Investment Park,056 481 3849,https://wa.me/971564813849,https://www.editionliving.ae/,Villa Renovation
Jangid carpentry,Dubai Investment Park,050 988 9592,https://wa.me/971509889592,http://jangidcarpentry.com/,"Carpentry, Custom Furniture"
ME Fitout,Dubai Investment Park,04 220 4210,https://wa.me/97142204210,https://mefitout.com/,"Commercial, Full Renovation"
OH Woodworks – Custom Joinery & Carpentry Dubai,Dubai Investment Park,055 501 0048,https://wa.me/971555010048,http://www.ohwoodworks.com/,"Carpentry, Custom Furniture"
TOTAL HOME WORX BUILDING CONTRACTING L.L.C | Interior Fit-ou,Dubai Investment Park,050 994 6421,https://wa.me/971509946421,http://totalhomeworx.co/,"Commercial, Full Renovation"
Glorified Technical Services LLC,Jebel Ali,052 450 0922,https://wa.me/971524500922,https://www.glorifiedtechnical.com/,"Carpentry, Custom Furniture"
Joinery Hub,Jebel Ali,056 400 0108,https://wa.me/971564000108,https://www.joineryhub.ae/,"Carpentry, Custom Furniture"
Mr.Carpenter Carpentry service,Jebel Ali,058 907 0566,https://wa.me/971589070566,https://mr-carpentry.com/carpentry-services/,"Carpentry, Custom Furniture"
SC construction LLC,Jebel Ali,04 554 8299,https://wa.me/97145548299,https://www.sconstruction.de/,"Villa Renovation, Full Renovation"
Summertown Interiors | Sustainable Fit-Out & Design – UAE,Jebel Ali,04 805 3300,https://wa.me/97148053300,https://www.summertown.ae/,"Commercial, Full Renovation"
4Space Design,Jumeirah,04 438 5537,https://wa.me/97144385537,https://4space.ae/,"Residential, Commercial"
AR Tech Interior 🛠️,Jumeirah,056 943 9182,https://wa.me/971569439182,https://arsalservices.online/,"Full Renovation, Carpentry"
Algedra Interior Design,Jumeirah,052 811 1106,https://wa.me/971528111106,https://algedra.ae/,"Residential, Commercial"
Amitis Design DMCC,Jumeirah,04 447 7420,https://wa.me/97144477420,http://www.amitisdesign.com/,"Commercial, Full Renovation"
Antonovich Design - Interior Design and Fit Out Company in D,Jumeirah,054 299 5555,https://wa.me/971542995555,https://antonovich-design.ae/,"Commercial, Full Renovation"
Capital Associated Building Contracting LLC,Jumeirah,052 811 1106,https://wa.me/971528111106,https://www.capitalassociated.com/,Full Renovation
Construction & Renovation Company -JLT,Jumeirah,058 110 6373,https://wa.me/971581106373,https://constructioncompanyies.com/,"Full Renovation, Villa Renovation"
Control Space - The Interior Designing Company,Jumeirah,050 798 0849,https://wa.me/971507980849,https://control-space.ae/,Residential
Elegant Interior Design llc,Jumeirah,050 805 9259,https://wa.me/971508059259,http://www.elegantinteriordesignllc.com/,Residential
Falcon Interior Decoration LLC,Jumeirah,04 320 2020,https://wa.me/97143202020,https://www.falconinterior.com/?utm_source=gmb&utm_medium=Google+My+Business&utm,"Residential, Commercial"
Fardo Renovation,Jumeirah,050 443 7728,https://wa.me/971504437728,https://www.fardorenovation.com/,Full Renovation
Fix Hub,Jumeirah,055 445 8074,https://wa.me/971554458074,https://fixhub.ae/,Full Renovation
Fix To Homes - Renovation Services in Dubai,Jumeirah,050 804 9678,https://wa.me/971508049678,https://fixtohomes.com/,"Full Renovation, Villa Renovation"
Fix4 technical services,Jumeirah,04 262 9619,https://wa.me/97142629619,http://fix4technical.com/,"Full Renovation, Carpentry"
HTS Interiors,Jumeirah,04 577 6086,https://wa.me/97145776086,https://htsinteriors.com/,"Commercial, Full Renovation"
Innovation World Technical Services,Jumeirah,050 666 9159,https://wa.me/971506669159,https://www.iw-ts.com/,"Full Renovation, Villa Renovation"
Inspire Interiors,Jumeirah,058 286 4824,https://wa.me/971582864824,https://inspireinteriors.me/,Residential
"Interiors – Jumeirah, Dubai - Luxury Home Furniture & Décor",Jumeirah,04 340 0559,https://wa.me/97143400559,https://www.interiorsfurniture.com/en,"Commercial, Full Renovation"
LoftMax - Interior Design Dubai,Jumeirah,055 272 5073,https://wa.me/971552725073,https://loftmax.ae/,"Commercial, Full Renovation"
MWM Studio,Jumeirah,04 448 7920,https://wa.me/97144487920,https://mwmstudio.co/,Residential
Motif Interiors,Jumeirah,04 385 0667,https://wa.me/97143850667,https://motifuae.com/,"Commercial, Full Renovation"
Palazzo Elite Design Group,Jumeirah,056 162 6006,https://wa.me/971561626006,http://www.palazzoelite.com/,"Commercial, Full Renovation"
Palm Living Interiors,Jumeirah,056 766 8678,https://wa.me/971567668678,https://palmlivingae.com/,Residential
Prime Logic Interior & Contracting L.L.C (CONCORDIA APPROVAL,Jumeirah,052 416 1890,https://wa.me/971524161890,https://www.interiorworks.ae/concordia-fit-out-approval-jlt-dmcc.html,"Commercial, Full Renovation"
Prospect Design International,Jumeirah,04 367 1289,https://wa.me/97143671289,http://www.prospect-design.com/,Residential
Renovation Bros For Technical Services Contracting LLC,Jumeirah,054 236 6780,https://wa.me/971542366780,https://www.renovationbrostsc.com/,Full Renovation
Renovation Expert in UAE,Jumeirah,050 997 0126,https://wa.me/971509970126,https://renovationexpertuae.com/,"Full Renovation, Villa Renovation"
Ritz Interiors Dubai,Jumeirah,056 997 5054,https://wa.me/971569975054,https://ritz-interiors.com/,"Commercial, Full Renovation"
Urban Refresh Bathroom Renovations,Jumeirah,058 519 8364,https://wa.me/971585198364,https://urbanrefreshdubai.com/,Full Renovation
We Will Fix Out - Best company in Dubai,Jumeirah,052 452 5600,https://wa.me/971524525600,https://wewillfixout.com/,Villa Renovation
Z I S FITOUTS | Home Renovations & Commercial Fitout Special,Jumeirah,056 533 6465,https://wa.me/971565336465,http://www.zis.ae/,Full Renovation
apartment and villa Painting Services Dubai,Jumeirah,052 786 1898,https://wa.me/971527861898,https://ontimepaintingservices.com/,Villa Renovation
LUMI Interiors,Palm Jumeirah,052 939 5579,https://wa.me/971529395579,https://lumi-interiors.com/,"Commercial, Full Renovation"
Zen Interiors,Sheikh Zayed Road,04 340 5050,https://wa.me/97143405050,https://www.zeninteriors.net/,"Residential, Commercial"
Fix & Renovate Contracting LLC | Property Maintenance & Reno,Silicon Oasis,050 108 2273,https://wa.me/971501082273,https://www.fixandrenovate.net/,Full Renovation
Fortezza Interiors: Best Interior Fit-Out Company in Dubai |,Silicon Oasis,050 443 5680,https://wa.me/971504435680,https://www.fortezzainteriors.com/?utm_source=Organic&utm_medium=GMB&utm_campaig,"Commercial, Full Renovation"
Interior Fit out Companies in Dubai| Guideline Interiors LLC,Silicon Oasis,04 392 2240,https://wa.me/97143922240,https://guideline.ae/,"Commercial, Full Renovation"
Turnkey Renovations Dubai,Silicon Oasis,04 557 9950,https://wa.me/97145579950,https://turnkeyrenovations.ae/,"Full Renovation, Villa Renovation"
Villa Painting Services LLC,Silicon Oasis,050 585 8840,https://wa.me/971505858840,https://villapaintingservicescollc.com/,Villa Renovation
Multibuild Construction,The Greens,04 329 0676,https://wa.me/97143290676,https://www.multibuild.ae/,"Full Renovation, Villa Renovation"
VM Design • Build (Villa & More),The Greens,058 565 6404,https://wa.me/971585656404,http://www.villaandmore.com/,Villa Renovation
